ID,Name,disableParam_NT,disableParamReserve1,disableParamReserve2,behaviorVariationId,sortId,wanderingEquipId,weight,weaponWeightRate,fixPrice,reinforcePrice,sellValue,correctStrength,correctAgility,correctMagic,correctFaith,physGuardCutRate,magGuardCutRate,fireGuardCutRate,thunGuardCutRate,spEffectBehaviorId0,spEffectBehaviorId1,spEffectBehaviorId2,residentSpEffectId,residentSpEffectId1,residentSpEffectId2,materialSetId,originEquipWep,originEquipWep1,originEquipWep2,originEquipWep3,originEquipWep4,originEquipWep5,originEquipWep6,originEquipWep7,originEquipWep8,originEquipWep9,originEquipWep10,originEquipWep11,originEquipWep12,originEquipWep13,originEquipWep14,originEquipWep15,weakA_DamageRate,weakB_DamageRate,weakC_DamageRate,weakD_DamageRate,sleepGuardResist_MaxCorrect,madnessGuardResist_MaxCorrect,saWeaponDamage,equipModelId,iconId,durability,durabilityMax,attackThrowEscape,parryDamageLife,attackBasePhysics,attackBaseMagic,attackBaseFire,attackBaseThunder,attackBaseStamina,guardAngle,saDurability,staminaGuardDef,reinforceTypeId,trophySGradeId,trophySeqId,throwAtkRate,bowDistRate,equipModelCategory,equipModelGender,weaponCategory,wepmotionCategory,guardmotionCategory,atkMaterial,defSeMaterial1,correctType_Physics,spAttribute,spAtkcategory,wepmotionOneHandId,wepmotionBothHandId,properStrength,properAgility,properMagic,properFaith,overStrength,attackBaseParry,defenseBaseParry,guardBaseRepel,attackBaseRepel,guardCutCancelRate,guardLevel,slashGuardCutRate,blowGuardCutRate,thrustGuardCutRate,poisonGuardResist,diseaseGuardResist,bloodGuardResist,curseGuardResist,atkAttribute,rightHandEquipable,leftHandEquipable,bothHandEquipable,arrowSlotEquipable,boltSlotEquipable,enableGuard,enableParry,enableMagic,enableSorcery,enableMiracle,enableVowMagic,isNormalAttackType,isBlowAttackType,isSlashAttackType,isThrustAttackType,isEnhance,isHeroPointCorrect,isCustom,disableBaseChangeReset,disableRepair,isDarkHand,simpleModelForDlc,lanternWep,isVersusGhostWep,baseChangeCategory,isDragonSlayer,isDeposit,disableMultiDropShare,isDiscard,isDrop,showLogCondType,enableThrow,showDialogCondType,disableGemAttr,defSfxMaterial1,wepCollidableType0,wepCollidableType1,postureControlId_Right,postureControlId_Left,traceSfxId0,traceDmyIdHead0,traceDmyIdTail0,traceSfxId1,traceDmyIdHead1,traceDmyIdTail1,traceSfxId2,traceDmyIdHead2,traceDmyIdTail2,traceSfxId3,traceDmyIdHead3,traceDmyIdTail3,traceSfxId4,traceDmyIdHead4,traceDmyIdTail4,traceSfxId5,traceDmyIdHead5,traceDmyIdTail5,traceSfxId6,traceDmyIdHead6,traceDmyIdTail6,traceSfxId7,traceDmyIdHead7,traceDmyIdTail7,defSfxMaterial2,defSeMaterial2,absorpParamId,toughnessCorrectRate,isValidTough_ProtSADmg,isDualBlade,isAutoEquip,isEnableEmergencyStep,invisibleOnRemo,unknown_0x17c_5,quickMatchReplenish,isWeaponCatalyst,correctType_Magic,correctType_Fire,correctType_Thunder,weakE_DamageRate,weakF_DamageRate,darkGuardCutRate,attackBaseDark,correctType_Dark,correctType_Poison,sortGroupId,atkAttribute2,sleepGuardResist,madnessGuardResist,correctType_Blood,properLuck,freezeGuardResist,autoReplenishType,swordArtsParamId,correctLuck,arrowBoltEquipId,DerivationLevelType,enchantSfxSize,wepType,physGuardCutRate_MaxCorrect,magGuardCutRate_MaxCorrect,fireGuardCutRate_MaxCorrect,thunGuardCutRate_MaxCorrect,darkGuardCutRate_MaxCorrect,poisonGuardResist_MaxCorrect,diseaseGuardResist_MaxCorrect,bloodGuardResist_MaxCorrect,curseGuardResist_MaxCorrect,freezeGuardResist_MaxCorrect,staminaGuardDef_MaxCorrect,residentSfxId_1,residentSfxId_2,residentSfxId_3,residentSfxId_4,residentSfx_DmyId_1,residentSfx_DmyId_2,residentSfx_DmyId_3,residentSfx_DmyId_4,staminaConsumptionRate,vsPlayerDmgCorrectRate_Physics,vsPlayerDmgCorrectRate_Magic,vsPlayerDmgCorrectRate_Fire,vsPlayerDmgCorrectRate_Thunder,vsPlayerDmgCorrectRate_Dark,vsPlayerDmgCorrectRate_Poison,vsPlayerDmgCorrectRate_Blood,vsPlayerDmgCorrectRate_Freeze,attainmentWepStatusStr,attainmentWepStatusDex,attainmentWepStatusMag,attainmentWepStatusFai,attainmentWepStatusLuc,attackElementCorrectId,saleValue,reinforceShopCategory,maxArrowQuantity,residentSfx_1_IsVisibleForHang,residentSfx_2_IsVisibleForHang,residentSfx_3_IsVisibleForHang,residentSfx_4_IsVisibleForHang,isSoulParamIdChange_model0,isSoulParamIdChange_model1,isSoulParamIdChange_model2,isSoulParamIdChange_model3,wepSeIdOffset,baseChangePrice,levelSyncCorrectId,correctType_Sleep,correctType_Madness,rarity,gemMountType,wepRegainHp,spEffectMsgId0,spEffectMsgId1,spEffectMsgId2,originEquipWep16,originEquipWep17,originEquipWep18,originEquipWep19,originEquipWep20,originEquipWep21,originEquipWep22,originEquipWep23,originEquipWep24,originEquipWep25,vsPlayerDmgCorrectRate_Sleep,vsPlayerDmgCorrectRate_Madness,saGuardCutRate,defMaterialVariationValue,spAttributeVariationValue,stealthAtkRate,vsPlayerDmgCorrectRate_Disease,vsPlayerDmgCorrectRate_Curse,restrictSpecialSwordArt,pad,
40000000,Shortbow,1,0,[0|0|0],4000,5000000,0,1.25,0,400,170,200,34,34,0,0,0,0,0,0,-1,-1,-1,-1,1940,-1,0,40000000,40000000,40000000,40000000,40000000,40000000,40000000,40000000,40000000,40000000,40000000,40000000,40000000,40000000,40000000,40000000,1,1,1,1,15,15,2,1406,11000,0,0,1,10,98,0,0,0,20,60,0,0,0,-1,-1,0,-40,7,0,10,51,2,2,102,0,0,0,0,14,8,10,0,0,99,0,0,10,20,0,1,0,0,0,0,0,0,0,0,1,1,1,1,0,0,0,0,0,0,0,0,0,0,0,0,0,1,0,0,0,0,0,0,0,0,1,0,1,1,1,0,2,1,128,2,2,0,0,-1,-1,-1,-1,-1,-1,-1,-1,-1,-1,-1,-1,-1,-1,-1,-1,-1,-1,-1,-1,-1,-1,-1,-1,139,139,51,0.011,0,0,0,1,1,0,0,0,0,0,0,1,1,0,0,0,6,10,0,0,0,6,0,0,0,401,0,47000000,0,0,50,15,15,15,15,15,15,15,15,15,15,0,-1,-1,-1,-1,-1,-1,-1,-1,1,1,1,1,1,1,1,1,1,-1,-1,-1,-1,-1,10000,0,1,1,0,0,0,0,1,0,0,0,1,1700,340,6,6,1,2,0,-1,-1,-1,40000000,40000000,40000000,40000000,40000000,40000000,40000000,40000000,40000000,40000000,1,1,0,0,0,0,1,1,0,[0|0|0|0|0|0|0]
40010000,Misbegotten Shortbow,1,0,[0|0|0],4000,5003000,0,1.5,0,400,170,200,52,28,0,0,0,0,0,0,-1,-1,-1,-1,1940,-1,0,40010000,40010000,40010000,40010000,40010000,40010000,40010000,40010000,40010000,40010000,40010000,40010000,40010000,40010000,40010000,40010000,1,1,1,1,15,15,2,1405,11001,0,0,1,10,102,0,0,0,20,60,0,0,0,-1,-1,0,-50,7,0,10,51,2,2,102,0,0,0,0,14,16,8,0,0,99,0,0,10,20,0,1,0,0,0,0,0,0,0,0,1,1,1,1,0,0,0,0,0,0,0,0,0,0,0,0,0,1,0,0,0,0,0,0,0,0,1,0,1,1,1,0,2,1,128,2,2,0,0,-1,-1,-1,-1,-1,-1,-1,-1,-1,-1,-1,-1,-1,-1,-1,-1,-1,-1,-1,-1,-1,-1,-1,-1,139,139,51,0.011,0,0,0,1,1,0,0,0,0,0,0,1,1,0,0,0,6,10,0,0,0,6,0,0,0,401,0,47000000,0,0,50,15,15,15,15,15,15,15,15,15,15,0,-1,-1,-1,-1,-1,-1,-1,-1,1,1,1,1,1,1,1,1,1,-1,-1,-1,-1,-1,10000,0,1,1,0,0,0,0,1,0,0,0,1,1700,340,6,6,1,2,0,-1,-1,-1,40010000,40010000,40010000,40010000,40010000,40010000,40010000,40010000,40010000,40010000,1,1,0,0,0,0,1,1,0,[0|0|0|0|0|0|0]
40020000,Red Branch Shortbow,0,0,[0|0|0],4000,5002000,0,1.25,0,400,170,200,28,52,0,0,0,0,0,0,-1,-1,-1,-1,1940,-1,0,40020000,40020000,40020000,40020000,40020000,40020000,40020000,40020000,40020000,40020000,40020000,40020000,40020000,40020000,40020000,40020000,1,1,1,1,15,15,2,1402,11002,0,0,1,10,98,0,0,0,20,60,0,0,0,-1,-1,0,-40,7,0,10,51,2,2,102,0,0,0,0,14,8,16,0,0,99,0,0,10,20,0,1,0,0,0,0,0,0,0,0,1,1,1,1,0,0,0,0,0,0,0,0,0,0,0,0,0,1,0,0,0,0,0,0,0,0,1,0,1,1,1,0,2,1,128,2,2,0,0,-1,-1,-1,-1,-1,-1,-1,-1,-1,-1,-1,-1,-1,-1,-1,-1,-1,-1,-1,-1,-1,-1,-1,-1,139,139,51,0.011,0,0,0,1,1,0,0,0,0,0,0,1,1,0,0,0,6,10,0,0,0,6,0,0,0,401,0,47000000,0,0,50,15,15,15,15,15,15,15,15,15,15,0,-1,-1,-1,-1,-1,-1,-1,-1,1,1,1,1,1,1,1,1,1,-1,-1,-1,-1,-1,10000,0,1,1,0,0,0,0,1,0,0,0,1,1700,340,6,6,1,2,0,-1,-1,-1,40020000,40020000,40020000,40020000,40020000,40020000,40020000,40020000,40020000,40020000,1,1,0,0,0,0,1,1,0,[0|0|0|0|0|0|0]
40030000,Harp Bow,1,0,[0|0|0],4000,5004000,0,1,0,400,170,400,24,30,0,0,0,0,0,0,-1,-1,-1,-1,1940,-1,2200,40030000,40030000,40030000,40030000,40030000,40030000,40030000,40030000,40030000,40030000,40030000,-1,-1,-1,-1,-1,1,1,1,1,15,15,2,1411,11003,0,0,1,10,93,0,0,0,20,60,0,0,2200,-1,-1,0,-40,7,0,10,51,2,2,102,0,0,232,0,14,9,9,0,0,99,0,0,10,20,0,1,0,0,0,0,0,0,0,0,1,1,1,1,0,0,0,0,0,0,0,0,0,0,0,0,0,1,0,0,0,0,0,0,0,0,1,0,1,1,1,0,2,1,128,2,2,0,0,-1,-1,-1,-1,-1,-1,-1,-1,-1,-1,-1,-1,-1,-1,-1,-1,-1,-1,-1,-1,-1,-1,-1,-1,139,139,51,0.011,0,0,0,1,1,0,0,0,0,0,0,1,1,0,0,0,6,10,0,0,0,6,0,0,0,401,0,47000000,0,0,50,15,15,15,15,15,15,15,15,15,15,0,-1,-1,-1,-1,-1,-1,-1,-1,1,1,1,1,1,1,1,1,1,-1,-1,-1,-1,-1,10000,0,1,1,0,0,0,0,1,0,0,0,2,1700,340,6,6,2,2,0,-1,-1,-1,-1,-1,-1,-1,-1,-1,-1,-1,-1,-1,1,1,0,0,0,0,1,1,0,[0|0|0|0|0|0|0]
40050000,Composite Bow,1,0,[0|0|0],4000,5001000,0,1.5,0,400,170,400,30,56,0,0,0,0,0,0,-1,-1,-1,-1,1940,-1,0,40050000,40050000,40050000,40050000,40050000,40050000,40050000,40050000,40050000,40050000,40050000,40050000,40050000,40050000,40050000,40050000,1,1,1,1,15,15,2,1401,11005,0,0,1,10,98,0,0,0,20,60,0,0,0,-1,-1,0,-40,7,0,10,51,2,2,102,0,0,0,0,14,15,15,0,0,99,0,0,10,20,0,1,0,0,0,0,0,0,0,0,1,1,1,1,0,0,0,0,0,0,0,0,0,0,0,0,0,1,0,0,0,0,0,0,0,0,1,0,1,1,1,0,2,1,128,2,2,0,0,-1,-1,-1,-1,-1,-1,-1,-1,-1,-1,-1,-1,-1,-1,-1,-1,-1,-1,-1,-1,-1,-1,-1,-1,139,139,51,0.011,0,0,0,1,1,0,0,0,0,0,0,1,1,0,0,0,6,10,0,0,0,6,0,0,0,402,0,47000000,0,0,50,15,15,15,15,15,15,15,15,15,15,0,-1,-1,-1,-1,-1,-1,-1,-1,1,1,1,1,1,1,1,1,1,-1,-1,-1,-1,-1,10000,0,1,1,0,0,0,0,1,0,0,0,1,1700,340,6,6,1,2,0,-1,-1,-1,40050000,40050000,40050000,40050000,40050000,40050000,40050000,40050000,40050000,40050000,1,1,0,0,0,0,1,1,0,[0|0|0|0|0|0|0]
40500000,Bone Bow,0,0,[0|0|0],4000,5005000,0,1.5,0,450,170,400,36,44,0,0,0,0,0,0,-1,-1,-1,-1,1940,-1,0,40500000,40500000,40500000,40500000,40500000,40500000,40500000,40500000,40500000,40500000,40500000,40500000,40500000,40500000,40500000,40500000,1,1,1,1,15,15,2,1421,12295,0,0,1,10,99,0,0,0,20,60,0,0,0,-1,-1,0,-40,7,0,10,51,2,2,102,0,0,0,0,14,8,11,0,0,99,0,0,10,20,0,1,0,0,0,0,0,0,0,0,1,1,1,1,0,0,0,0,0,0,0,0,0,0,0,0,0,1,0,0,0,0,0,0,0,0,1,0,1,1,1,0,2,1,128,2,2,0,0,-1,-1,-1,-1,-1,-1,-1,-1,-1,-1,-1,-1,-1,-1,-1,-1,-1,-1,-1,-1,-1,-1,-1,-1,139,139,51,0.011,0,0,0,1,1,0,0,0,0,0,0,1,1,0,0,0,6,10,0,0,0,6,0,0,0,5600,0,47000000,0,0,50,15,15,15,15,15,15,15,15,15,15,0,-1,-1,-1,-1,-1,-1,-1,-1,1,1,1,1,1,1,1,1,1,-1,-1,-1,-1,-1,10000,0,1,1,0,0,0,0,1,0,0,0,1,1500,340,6,6,2,2,0,-1,-1,-1,40500000,40500000,40500000,40500000,40500000,40500000,40500000,40500000,40500000,40500000,1,1,0,0,0,0,1,1,0,[0|0|0|0|0|0|0]
41000000,Longbow,1,0,[0|0|0],4100,5100000,0,2,0,400,240,200,40,52,0,0,0,0,0,0,-1,-1,-1,-1,1940,-1,0,41000000,41000000,41000000,41000000,41000000,41000000,41000000,41000000,41000000,41000000,41000000,41000000,41000000,41000000,41000000,41000000,1,1,1,1,15,15,2,1410,11040,0,0,1,10,120,0,0,0,30,60,0,0,0,-1,-1,0,0,7,0,10,44,2,2,102,0,0,0,0,14,9,14,0,0,99,0,0,10,20,0,1,0,0,0,0,0,0,0,0,1,1,1,1,0,0,0,0,0,0,0,0,0,0,0,0,0,1,0,0,0,0,0,0,0,0,1,0,1,1,1,0,2,1,128,2,2,0,0,-1,-1,-1,-1,-1,-1,-1,-1,-1,-1,-1,-1,-1,-1,-1,-1,-1,-1,-1,-1,-1,-1,-1,-1,139,139,44,0.011,0,0,0,1,1,0,0,0,0,0,0,1,1,0,0,0,6,20,0,0,0,6,0,0,0,402,0,47000000,0,0,51,15,15,15,15,15,15,15,15,15,15,0,-1,-1,-1,-1,-1,-1,-1,-1,1,1,1,1,1,1,1,1,1,-1,-1,-1,-1,-1,10000,0,1,1,0,0,0,0,1,0,0,0,1,2400,340,6,6,1,2,0,-1,-1,-1,41000000,41000000,41000000,41000000,41000000,41000000,41000000,41000000,41000000,41000000,1,1,0,0,0,0,1,1,0,[0|0|0|0|0|0|0]
41010000,Albinauric Bow,1,0,[0|0|0],4100,5101000,0,2.25,0,400,240,200,30,70,0,0,0,0,0,0,-1,-1,-1,-1,1940,-1,0,41010000,41010000,41010000,41010000,41010000,41010000,41010000,41010000,41010000,41010000,41010000,41010000,41010000,41010000,41010000,41010000,1,1,1,1,15,15,2,1403,11041,0,0,1,10,123,0,0,0,30,60,0,0,0,-1,-1,0,0,7,0,10,44,2,2,102,0,0,230,0,14,7,18,0,0,99,0,0,10,20,0,1,0,0,0,0,0,0,0,0,1,1,1,1,0,0,0,0,0,0,0,0,0,0,0,0,0,1,0,0,0,0,0,0,0,0,1,0,1,1,1,0,2,1,128,2,2,0,0,-1,-1,-1,-1,-1,-1,-1,-1,-1,-1,-1,-1,-1,-1,-1,-1,-1,-1,-1,-1,-1,-1,-1,-1,139,139,44,0.011,0,0,0,1,1,0,0,0,0,0,0,1,1,0,0,0,6,20,0,0,0,6,0,0,0,402,0,47000000,0,0,51,15,15,15,15,15,15,15,15,15,15,0,-1,-1,-1,-1,-1,-1,-1,-1,1,1,1,1,1,1,1,1,1,-1,-1,-1,-1,-1,10000,0,1,1,0,0,0,0,1,0,0,0,1,2400,340,6,6,1,2,0,-1,-1,-1,41010000,41010000,41010000,41010000,41010000,41010000,41010000,41010000,41010000,41010000,1,1,0,0,0,0,1,1,0,[0|0|0|0|0|0|0]
41020000,Horn Bow,1,0,[0|0|0],4100,5104000,0,2.25,0,400,240,200,42,52,20,0,0,0,0,0,-1,-1,-1,-1,1940,-1,0,41020000,41020000,41020000,41020000,41020000,41020000,41020000,41020000,41020000,41020000,41020000,41020000,41020000,41020000,41020000,41020000,1,1,1,1,15,15,2,1404,11042,0,0,1,10,98,45,0,0,30,60,0,0,0,-1,-1,0,0,7,0,10,44,2,4,154,0,0,0,0,14,10,14,12,0,99,0,0,10,20,0,1,0,0,0,0,0,0,0,0,1,1,1,1,0,0,0,0,0,0,0,0,0,0,0,0,0,1,0,0,0,0,0,0,0,0,1,0,1,1,1,0,2,1,117,2,2,0,0,-1,-1,-1,-1,-1,-1,-1,-1,-1,-1,-1,-1,-1,-1,-1,-1,-1,-1,-1,-1,-1,-1,-1,-1,139,139,44,0.011,0,0,0,1,1,0,0,0,0,0,0,1,1,0,0,0,6,20,0,0,0,6,0,0,0,402,0,47000000,0,0,51,15,15,15,15,15,15,15,15,15,15,0,-1,-1,-1,-1,-1,-1,-1,-1,1,1,1,1,1,1,1,1,1,-1,-1,-1,-1,-1,10000,0,1,1,0,0,0,0,1,0,0,0,1,2400,340,6,6,2,2,0,-1,-1,-1,41020000,41020000,41020000,41020000,41020000,41020000,41020000,41020000,41020000,41020000,1,1,0,0,0,0,1,1,0,[0|0|0|0|0|0|0]
41030000,Erdtree Bow,1,0,[0|0|0],4100,5106000,0,2,0,400,240,400,24,30,0,60,0,0,0,0,-1,-1,-1,-1,1940,-1,2200,41030000,41030000,41030000,41030000,41030000,41030000,41030000,41030000,41030000,41030000,41030000,-1,-1,-1,-1,-1,1,1,1,1,15,15,2,1413,11043,0,0,1,10,60,0,0,0,30,60,0,0,2200,-1,-1,0,0,7,0,10,44,2,2,102,0,0,0,0,14,8,12,0,14,99,0,0,10,20,0,1,0,0,0,0,0,0,0,0,1,1,1,1,0,0,0,0,0,0,0,0,0,0,0,0,0,1,0,0,0,0,0,0,0,0,1,0,1,1,1,0,2,1,128,2,2,0,0,-1,-1,-1,-1,-1,-1,-1,-1,-1,-1,-1,-1,-1,-1,-1,-1,-1,-1,-1,-1,-1,-1,-1,-1,139,139,44,0.011,0,0,0,1,1,0,0,0,0,0,0,1,1,0,75,0,6,20,0,0,0,6,0,0,0,402,0,47000000,0,0,51,15,15,15,15,15,15,15,15,15,15,0,-1,-1,-1,-1,-1,-1,-1,-1,1,1,1,1,1,1,1,1,1,-1,-1,-1,-1,-1,10000,0,1,1,0,0,0,0,1,0,0,0,1,2400,340,6,6,2,2,0,-1,-1,-1,-1,-1,-1,-1,-1,-1,-1,-1,-1,-1,1,1,0,0,0,0,1,1,0,[0|0|0|0|0|0|0]
41040000,Serpent Bow,1,0,[0|0|0],4100,5105000,0,1.75,0,400,240,400,30,60,0,0,0,0,0,0,-1,-1,-1,1938,1940,-1,2200,41040000,41040000,41040000,41040000,41040000,41040000,41040000,41040000,41040000,41040000,41040000,-1,-1,-1,-1,-1,1,1,1,1,15,15,2,1414,11044,0,0,1,10,112,0,0,0,30,60,0,0,2200,-1,-1,0,0,7,0,10,44,2,2,102,0,0,0,0,14,8,15,0,0,99,0,0,10,20,0,1,0,0,0,0,0,0,0,0,1,1,1,1,0,0,0,0,0,0,0,0,0,0,0,0,0,1,0,0,0,0,0,0,0,0,1,0,1,1,1,0,2,1,128,2,2,0,0,-1,-1,-1,-1,-1,-1,-1,-1,-1,-1,-1,-1,-1,-1,-1,-1,-1,-1,-1,-1,-1,-1,-1,-1,139,139,44,0.011,0,0,0,1,1,0,0,0,0,0,0,1,1,0,0,0,5,20,0,0,0,6,11,0,0,402,60,47000000,0,0,51,15,15,15,15,15,15,15,15,15,15,0,-1,-1,-1,-1,-1,-1,-1,-1,1,1,1,1,1,1,1,1,1,-1,-1,-1,-1,-1,10000,0,1,1,0,0,0,0,1,0,0,0,1,2400,340,6,6,2,2,0,-1,-1,-1,-1,-1,-1,-1,-1,-1,-1,-1,-1,-1,1,1,0,0,0,0,1,1,0,[0|0|0|0|0|0|0]
41060000,Pulley Bow,1,0,[0|0|0],4100,5103000,0,2.5,0,400,240,200,54,54,0,0,0,0,0,0,-1,-1,-1,-1,1940,-1,2200,41060000,41060000,41060000,41060000,41060000,41060000,41060000,41060000,41060000,41060000,41060000,-1,-1,-1,-1,-1,1,1,1,1,15,15,2,1419,11046,0,0,1,10,116,0,0,0,30,60,0,0,2200,-1,-1,0,10,7,0,10,44,2,0,100,0,0,0,0,14,11,11,0,0,99,0,0,10,20,0,1,0,0,0,0,0,0,0,0,1,1,1,1,0,0,0,0,0,0,0,0,0,0,0,0,0,1,0,0,0,0,0,0,0,0,1,0,1,1,1,0,2,1,106,2,2,0,0,-1,-1,-1,-1,-1,-1,-1,-1,-1,-1,-1,-1,-1,-1,-1,-1,-1,-1,-1,-1,-1,-1,-1,-1,139,139,44,0.011,0,0,0,1,1,0,0,0,0,0,0,1,1,0,0,0,6,20,0,0,0,6,0,0,0,402,0,47000000,0,0,51,15,15,15,15,15,15,15,15,15,15,0,-1,-1,-1,-1,-1,-1,-1,-1,1,1,1,1,1,1,1,1,1,-1,-1,-1,-1,-1,10000,0,1,1,0,0,0,0,1,0,0,0,1,2400,340,6,6,2,2,0,-1,-1,-1,-1,-1,-1,-1,-1,-1,-1,-1,-1,-1,1,1,0,0,0,0,1,1,0,[0|0|0|0|0|0|0]
41070000,Black Bow,1,0,[0|0|0],4000,5102000,0,2,0,400,240,400,36,52,0,0,0,0,0,0,-1,-1,-1,-1,1940,-1,2200,41070000,41070000,41070000,41070000,41070000,41070000,41070000,41070000,41070000,41070000,41070000,-1,-1,-1,-1,-1,1,1,1,1,15,15,2,1418,11047,0,0,1,10,105,0,0,0,30,60,0,0,2200,-1,-1,0,0,7,0,10,51,2,2,102,0,0,231,0,14,9,20,0,0,99,0,0,10,20,0,1,0,0,0,0,0,0,0,0,1,1,1,1,0,0,0,0,0,0,0,0,0,0,0,0,0,1,0,0,0,0,0,0,0,0,1,0,1,1,1,0,2,1,128,2,2,0,0,-1,-1,-1,-1,-1,-1,-1,-1,-1,-1,-1,-1,-1,-1,-1,-1,-1,-1,-1,-1,-1,-1,-1,-1,139,139,44,0.011,0,0,0,1,1,0,0,0,0,0,0,1,1,0,0,0,6,20,0,0,0,6,0,0,0,401,0,47000000,0,0,51,15,15,15,15,15,15,15,15,15,15,0,-1,-1,-1,-1,-1,-1,-1,-1,1,1,1,1,1,1,1,1,1,-1,-1,-1,-1,-1,10000,0,1,1,0,0,0,0,1,0,0,0,1,2400,340,6,6,2,2,0,-1,-1,-1,-1,-1,-1,-1,-1,-1,-1,-1,-1,-1,1,1,0,0,0,0,1,1,0,[0|0|0|0|0|0|0]
41510000,Ansbach's Longbow,0,0,[0|0|0],4100,5102500,0,2.25,0,400,240,1000,40,50,0,0,0,0,0,0,-1,-1,-1,-1,1940,-1,2200,41510000,41510000,41510000,41510000,41510000,41510000,41510000,41510000,41510000,41510000,41510000,-1,-1,-1,-1,-1,1,1,1,1,15,15,2,1423,12296,0,0,1,10,111,0,0,0,30,60,0,0,2200,-1,-1,0,0,7,0,10,51,2,2,102,0,0,231,0,14,9,43,0,0,99,0,0,10,20,0,1,0,0,0,0,0,0,0,0,1,1,1,1,0,0,0,0,0,0,0,0,0,0,0,0,0,1,0,0,0,0,0,0,0,0,1,0,1,1,1,0,2,1,128,2,2,0,0,-1,-1,-1,-1,-1,-1,-1,-1,-1,-1,-1,-1,-1,-1,-1,-1,-1,-1,-1,-1,-1,-1,-1,-1,139,139,44,0.011,0,0,0,1,1,0,0,0,0,0,0,1,1,0,0,0,6,20,0,0,0,6,0,0,0,5360,0,47000000,0,0,51,15,15,15,15,15,15,15,15,15,15,0,-1,-1,-1,-1,-1,-1,-1,-1,1,1,1,1,1,1,1,1,1,-1,-1,-1,-1,-1,10000,0,1,1,0,0,0,0,1,0,0,0,1,2300,340,6,6,2,2,0,-1,-1,-1,-1,-1,-1,-1,-1,-1,-1,-1,-1,-1,1,1,0,0,0,0,1,1,0,[0|0|0|0|0|0|0]
42000000,Lion Greatbow,1,0,[0|0|0],4201,5203000,0,4.75,0,800,580,2000,60,50,0,0,0,0,0,0,-1,-1,-1,1937,-1,-1,2200,42000000,42000000,42000000,42000000,42000000,42000000,42000000,42000000,42000000,42000000,42000000,-1,-1,-1,-1,-1,1,1,1,1,15,15,7,1408,11080,0,0,1,10,180,0,0,0,75,60,0,0,2200,-1,-1,0,0,7,0,10,45,2,0,100,0,0,0,3,14,22,18,0,0,99,0,0,10,99,0,1,0,0,0,0,0,0,0,0,1,1,1,1,0,0,0,0,0,0,0,0,0,0,0,0,0,1,0,0,0,0,0,0,0,1,1,0,1,1,1,0,2,1,106,2,2,0,0,401000,300,-1,-1,-1,-1,-1,-1,-1,-1,-1,-1,-1,-1,-1,-1,-1,-1,-1,-1,-1,-1,-1,-1,139,139,45,0.099,0,0,0,1,1,0,0,0,0,0,0,1,1,0,0,0,6,30,0,0,0,6,0,0,0,1169,0,0,0,0,53,15,15,15,15,15,15,15,15,15,15,0,-1,-1,-1,-1,-1,-1,-1,-1,1,1,1,1,1,1,1,1,1,-1,-1,-1,-1,-1,10000,0,1,1,0,0,0,0,1,0,0,0,2,5800,341,6,6,3,2,0,-1,-1,-1,-1,-1,-1,-1,-1,-1,-1,-1,-1,-1,1,1,0,0,0,0,1,1,0,[0|0|0|0|0|0|0]
42010000,Golem Greatbow,1,0,[0|0|0],4200,5201000,0,7.25,0,800,580,400,90,40,0,0,0,0,0,0,-1,-1,-1,-1,-1,-1,2200,42010000,42010000,42010000,42010000,42010000,42010000,42010000,42010000,42010000,42010000,42010000,-1,-1,-1,-1,-1,1,1,1,1,15,15,7,1407,11081,0,0,1,10,195,0,0,0,75,60,0,0,2200,-1,-1,0,0,7,0,10,45,2,4,155,0,0,0,3,14,24,18,0,0,99,0,0,10,99,0,1,0,0,0,0,0,0,0,0,1,1,1,1,0,0,0,0,0,0,0,0,0,0,0,0,0,1,0,0,0,0,0,0,0,1,1,0,1,1,1,0,2,1,117,2,2,0,0,401000,300,-1,-1,-1,-1,-1,-1,-1,-1,-1,-1,-1,-1,-1,-1,-1,-1,-1,-1,-1,-1,-1,-1,139,139,45,0.099,0,0,0,1,1,0,0,0,0,0,0,1,1,0,0,0,6,30,0,0,0,6,0,0,0,400,0,0,0,0,53,15,15,15,15,15,15,15,15,15,15,0,-1,-1,-1,-1,-1,-1,-1,-1,1,1,1,1,1,1,1,1,1,-1,-1,-1,-1,-1,10000,0,1,1,0,0,0,0,1,0,0,0,2,5800,341,6,6,1,2,0,-1,-1,-1,-1,-1,-1,-1,-1,-1,-1,-1,-1,-1,1,1,0,0,0,0,1,1,0,[0|0|0|0|0|0|0]
42030000,Erdtree Greatbow,1,0,[0|0|0],4200,5202000,0,5.5,0,800,580,400,40,30,0,60,0,0,0,0,-1,-1,-1,-1,-1,-1,2200,42030000,42030000,42030000,42030000,42030000,42030000,42030000,42030000,42030000,42030000,42030000,-1,-1,-1,-1,-1,1,1,1,1,15,15,7,1417,11083,0,0,1,10,90,0,0,0,75,60,0,0,2200,-1,-1,0,0,7,0,10,45,2,2,102,0,0,0,3,14,20,14,0,14,99,0,0,10,99,0,1,0,0,0,0,0,0,0,0,1,1,1,1,0,0,0,0,0,0,0,0,0,0,0,0,0,1,0,0,0,0,0,0,0,1,1,0,1,1,1,0,2,1,128,2,2,0,0,401000,300,-1,-1,-1,-1,-1,-1,-1,-1,-1,-1,-1,-1,-1,-1,-1,-1,-1,-1,-1,-1,-1,-1,139,139,45,0.099,0,0,0,1,1,0,0,0,0,0,0,1,1,0,98,0,6,30,0,0,0,6,0,0,0,400,0,0,0,0,53,15,15,15,15,15,15,15,15,15,15,0,-1,-1,-1,-1,-1,-1,-1,-1,1,1,1,1,1,1,1,1,1,-1,-1,-1,-1,-1,10000,0,1,1,0,0,0,0,1,0,0,0,1,5800,341,6,6,2,2,0,-1,-1,-1,-1,-1,-1,-1,-1,-1,-1,-1,-1,-1,1,1,0,0,0,0,1,1,0,[0|0|0|0|0|0|0]
42040000,Greatbow,1,0,[0|0|0],4200,5200000,0,5,0,800,580,400,60,60,0,0,0,0,0,0,-1,-1,-1,-1,-1,-1,0,42040000,42040000,42040000,42040000,42040000,42040000,42040000,42040000,42040000,42040000,42040000,42040000,42040000,42040000,42040000,42040000,1,1,1,1,15,15,7,1420,11084,0,0,1,10,188,0,0,0,75,60,0,0,0,-1,-1,0,0,7,0,10,45,2,2,102,0,0,0,3,14,20,20,0,0,99,0,0,10,99,0,1,0,0,0,0,0,0,0,0,1,1,1,1,0,0,0,0,0,0,0,0,0,0,0,0,0,1,0,0,0,0,0,0,0,1,1,0,1,1,1,0,2,1,128,2,2,0,0,401000,300,-1,-1,-1,-1,-1,-1,-1,-1,-1,-1,-1,-1,-1,-1,-1,-1,-1,-1,-1,-1,-1,-1,139,139,45,0.099,0,0,0,1,1,0,0,0,0,0,0,1,1,0,0,0,6,30,0,0,0,6,0,0,0,400,0,0,0,0,53,15,15,15,15,15,15,15,15,15,15,0,-1,-1,-1,-1,-1,-1,-1,-1,1,1,1,1,1,1,1,1,1,-1,-1,-1,-1,-1,10000,0,1,1,0,0,0,0,1,0,0,0,1,5800,341,6,6,1,2,0,-1,-1,-1,42040000,42040000,42040000,42040000,42040000,42040000,42040000,42040000,42040000,42040000,1,1,0,0,0,0,1,1,0,[0|0|0|0|0|0|0]
42500000,Igon's Greatbow,0,0,[0|0|0],4200,5202500,0,6.25,0,950,580,1000,96,14,0,0,0,0,0,0,-1,-1,-1,5425000,-1,-1,0,42500000,42500000,42500000,42500000,42500000,42500000,42500000,42500000,42500000,42500000,42500000,42500000,42500000,42500000,42500000,42500000,1,1,1,1,15,15,7,1422,12297,0,0,1,10,180,0,0,0,75,60,0,0,0,-1,-1,0,0,7,0,10,45,2,4,155,0,0,0,3,14,23,16,0,0,99,0,0,10,99,0,1,0,0,0,0,0,0,0,0,1,1,1,1,0,0,0,0,0,0,0,0,0,0,0,0,0,1,0,0,0,0,0,0,0,1,1,0,1,1,1,0,2,1,117,2,2,0,0,401000,300,-1,-1,-1,-1,-1,-1,-1,-1,-1,-1,-1,-1,-1,-1,-1,-1,-1,-1,-1,-1,-1,-1,139,139,45,0.011,0,0,0,1,1,0,0,0,0,0,0,1,1,0,0,0,6,30,0,0,0,6,0,0,0,400,0,0,0,0,53,15,15,15,15,15,15,15,15,15,15,0,-1,-1,-1,-1,-1,-1,-1,-1,1,1,1,1,1,1,1,1,1,-1,-1,-1,-1,-1,10000,0,1,1,0,0,0,0,1,0,0,0,2,6300,341,6,6,2,2,0,-1,-1,-1,42500000,42500000,42500000,42500000,42500000,42500000,42500000,42500000,42500000,42500000,1,1,0,0,0,0,1,1,0,[0|0|0|0|0|0|0]
43000000,Soldier's Crossbow,1,0,[0|0|0],4300,5300000,0,1.75,0,400,240,200,0,0,0,0,0,0,0,0,-1,-1,-1,-1,-1,-1,0,43000000,43000000,43000000,43000000,43000000,43000000,43000000,43000000,43000000,43000000,43000000,43000000,43000000,43000000,43000000,43000000,1,1,1,1,15,15,2,1501,11120,0,0,1,10,180,0,0,0,28,60,0,0,3100,-1,-1,0,-15,7,0,11,46,2,2,102,0,0,0,0,16,10,8,0,0,99,0,0,10,20,0,1,0,0,0,0,0,0,0,0,1,1,1,0,1,0,0,0,0,0,0,0,0,0,0,0,0,1,0,0,0,0,0,0,0,0,1,0,1,1,1,0,2,1,128,2,2,0,0,401000,300,-1,-1,-1,-1,-1,-1,-1,-1,-1,-1,-1,-1,-1,-1,-1,-1,-1,-1,-1,-1,-1,-1,139,139,46,0.011,0,0,0,1,1,0,0,0,0,0,0,1,1,0,0,0,6,40,0,0,0,6,0,0,0,4990,0,47010000,0,0,55,15,15,15,15,15,15,15,15,15,15,0,-1,-1,-1,-1,-1,-1,-1,-1,0.97,1,1,1,1,1,1,1,1,-1,-1,-1,-1,-1,10000,0,1,1,0,0,0,0,1,0,0,0,1,2400,342,6,6,1,0,0,-1,-1,-1,43000000,43000000,43000000,43000000,43000000,43000000,43000000,43000000,43000000,43000000,1,1,0,0,0,0,1,1,0,[0|0|0|0|0|0|0]
43020000,Light Crossbow,1,0,[0|0|0],4300,5301000,0,2,0,400,240,200,0,0,0,0,0,0,0,0,-1,-1,-1,-1,-1,-1,0,43020000,43020000,43020000,43020000,43020000,43020000,43020000,43020000,43020000,43020000,43020000,43020000,43020000,43020000,43020000,43020000,1,1,1,1,15,15,2,1503,11121,0,0,1,10,195,0,0,0,30,60,0,0,3100,-1,-1,0,-15,7,0,11,46,2,2,102,0,0,0,0,16,12,8,0,0,99,0,0,10,20,0,1,0,0,0,0,0,0,0,0,1,1,1,0,1,0,0,0,0,0,0,0,0,0,0,0,0,1,0,0,0,0,0,0,0,0,1,0,1,1,1,0,2,1,128,2,2,0,0,401000,300,-1,-1,-1,-1,-1,-1,-1,-1,-1,-1,-1,-1,-1,-1,-1,-1,-1,-1,-1,-1,-1,-1,139,139,46,0.011,0,0,0,1,1,0,0,0,0,0,0,1,1,0,0,0,6,40,0,0,0,6,0,0,0,4990,0,47010000,0,0,55,15,15,15,15,15,15,15,15,15,15,0,-1,-1,-1,-1,-1,-1,-1,-1,1,1,1,1,1,1,1,1,1,-1,-1,-1,-1,-1,10000,0,1,1,0,0,0,0,1,0,0,0,1,2400,342,6,6,1,0,0,-1,-1,-1,43020000,43020000,43020000,43020000,43020000,43020000,43020000,43020000,43020000,43020000,1,1,0,0,0,0,1,1,0,[0|0|0|0|0|0|0]
43030000,Heavy Crossbow,1,0,[0|0|0],4300,5302000,0,2.75,0,400,240,200,0,0,0,0,0,0,0,0,-1,-1,-1,-1,-1,-1,0,43030000,43030000,43030000,43030000,43030000,43030000,43030000,43030000,43030000,43030000,43030000,43030000,43030000,43030000,43030000,43030000,1,1,1,1,15,15,2,1512,11122,0,0,1,10,216,0,0,0,33,60,0,0,3100,-1,-1,0,-15,7,0,11,46,2,2,102,0,0,0,0,16,14,10,0,0,99,0,0,10,20,0,1,0,0,0,0,0,0,0,0,1,1,1,0,1,0,0,0,0,0,0,0,0,0,0,0,0,1,0,0,0,0,0,0,0,0,1,0,1,1,1,0,2,1,128,2,2,0,0,401000,300,-1,-1,-1,-1,-1,-1,-1,-1,-1,-1,-1,-1,-1,-1,-1,-1,-1,-1,-1,-1,-1,-1,139,139,46,0.011,0,0,0,1,1,0,0,0,0,0,0,1,1,0,0,0,6,40,0,0,0,6,0,0,0,4990,0,47010000,0,0,55,15,15,15,15,15,15,15,15,15,15,0,-1,-1,-1,-1,-1,-1,-1,-1,1.06,1,1,1,1,1,1,1,1,-1,-1,-1,-1,-1,10000,0,1,1,0,0,0,0,1,0,0,0,1,2400,342,6,6,1,0,0,-1,-1,-1,43030000,43030000,43030000,43030000,43030000,43030000,43030000,43030000,43030000,43030000,1,1,0,0,0,0,1,1,0,[0|0|0|0|0|0|0]
43050000,Pulley Crossbow,1,0,[0|0|0],4300,5305000,0,2,0,400,240,200,0,0,0,0,0,0,0,0,-1,-1,-1,-1,-1,-1,2200,43050000,43050000,43050000,43050000,43050000,43050000,43050000,43050000,43050000,43050000,43050000,-1,-1,-1,-1,-1,1,1,1,1,15,15,2,1508,11123,0,0,1,10,195,0,0,0,30,60,0,0,3300,-1,-1,0,-15,7,0,11,46,2,2,102,0,0,233,0,16,16,16,0,0,99,0,0,10,20,0,1,0,0,0,0,0,0,0,0,1,1,1,0,1,0,0,0,0,0,0,0,0,0,0,0,0,1,0,0,0,0,0,0,0,0,1,0,1,1,1,0,2,1,128,2,2,0,0,401000,300,-1,-1,-1,-1,-1,-1,-1,-1,-1,-1,-1,-1,-1,-1,-1,-1,-1,-1,-1,-1,-1,-1,139,139,46,0.011,0,0,0,1,1,0,0,0,0,0,0,1,1,0,0,0,6,40,0,0,0,6,0,0,0,4990,0,47010000,0,0,55,15,15,15,15,15,15,15,15,15,15,0,-1,-1,-1,-1,-1,-1,-1,-1,1,1,1,1,1,1,1,1,1,-1,-1,-1,-1,-1,10000,0,1,1,0,0,0,0,1,0,0,0,1,2400,342,6,6,2,0,0,-1,-1,-1,-1,-1,-1,-1,-1,-1,-1,-1,-1,-1,1,1,0,0,0,0,1,1,0,[0|0|0|0|0|0|0]
43060000,Full Moon Crossbow,1,0,[0|0|0],4300,5306000,0,2,0,400,240,1000,0,0,0,0,0,0,0,0,-1,-1,-1,-1,-1,-1,2200,43060000,43060000,43060000,43060000,43060000,43060000,43060000,43060000,43060000,43060000,43060000,-1,-1,-1,-1,-1,1,1,1,1,15,15,2,1513,11124,0,0,1,10,150,150,0,0,30,60,0,0,3200,-1,-1,0,-15,7,0,11,46,2,0,100,0,0,236,0,16,10,10,14,0,99,0,0,10,20,0,1,0,0,0,0,0,0,0,0,1,1,1,0,1,0,0,0,0,0,0,0,0,0,0,0,0,1,0,0,0,0,0,0,0,0,1,0,1,1,1,0,2,1,106,2,2,0,0,401000,300,-1,-1,-1,-1,-1,-1,-1,-1,-1,-1,-1,-1,-1,-1,-1,-1,-1,-1,-1,-1,-1,-1,139,139,46,0.011,0,0,0,1,1,0,0,0,0,0,0,1,1,0,0,0,6,40,0,0,0,6,0,0,0,4990,0,47010000,0,0,55,15,15,15,15,15,15,15,15,15,15,0,-1,-1,-1,-1,-1,-1,-1,-1,1,1,1,1,1,1,1,1,1,-1,-1,-1,-1,-1,10000,0,1,1,0,0,0,0,1,0,0,0,1,2400,342,6,6,2,0,0,-1,-1,-1,-1,-1,-1,-1,-1,-1,-1,-1,-1,-1,1,1,0,0,0,0,1,1,0,[0|0|0|0|0|0|0]
43080000,Arbalest,1,0,[0|0|0],4300,5303000,0,3,0,400,240,200,0,0,0,0,0,0,0,0,-1,-1,-1,-1,-1,-1,0,43080000,43080000,43080000,43080000,43080000,43080000,43080000,43080000,43080000,43080000,43080000,43080000,43080000,43080000,43080000,43080000,1,1,1,1,15,15,2,1506,11125,0,0,1,10,231,0,0,0,34,60,0,0,3100,-1,-1,0,-15,7,0,11,46,2,2,102,0,0,0,0,16,18,12,0,0,99,0,0,10,20,0,1,0,0,0,0,0,0,0,0,1,1,1,0,1,0,0,0,0,0,0,0,0,0,0,0,0,1,0,0,0,0,0,0,0,0,1,0,1,1,1,0,2,1,128,2,2,0,0,401000,300,-1,-1,-1,-1,-1,-1,-1,-1,-1,-1,-1,-1,-1,-1,-1,-1,-1,-1,-1,-1,-1,-1,139,139,46,0.011,0,0,0,1,1,0,0,0,0,0,0,1,1,0,0,0,6,40,0,0,0,6,0,0,0,4990,0,47010000,0,0,55,15,15,15,15,15,15,15,15,15,15,0,-1,-1,-1,-1,-1,-1,-1,-1,1.09,1,1,1,1,1,1,1,1,-1,-1,-1,-1,-1,10000,0,1,1,0,0,0,0,1,0,0,0,1,2400,342,6,6,1,0,0,-1,-1,-1,43080000,43080000,43080000,43080000,43080000,43080000,43080000,43080000,43080000,43080000,1,1,0,0,0,0,1,1,0,[0|0|0|0|0|0|0]
43110000,Crepus's Black-Key Crossbow,1,0,[0|0|0],4300,5304000,0,2.5,0,400,240,400,0,0,0,0,0,0,0,0,-1,-1,-1,-1,-1,-1,2200,43110000,43110000,43110000,43110000,43110000,43110000,43110000,43110000,43110000,43110000,43110000,-1,-1,-1,-1,-1,1,1,1,1,15,15,2,1514,11128,0,0,1,10,204,0,0,0,32,60,0,0,3200,-1,-1,0,-5,7,0,11,46,2,2,102,0,0,0,0,16,14,16,0,0,99,0,0,10,20,0,1,0,0,0,0,0,0,0,0,1,1,1,0,1,0,0,0,0,0,0,0,0,0,0,0,0,1,0,0,0,0,0,0,0,0,1,0,1,1,1,0,2,1,128,2,2,0,0,401000,300,-1,-1,-1,-1,-1,-1,-1,-1,-1,-1,-1,-1,-1,-1,-1,-1,-1,-1,-1,-1,-1,-1,139,139,46,0.011,0,0,0,1,1,0,0,0,0,0,0,1,1,0,0,0,6,40,0,0,0,6,0,0,0,4990,0,47010000,0,0,55,15,15,15,15,15,15,15,15,15,15,0,-1,-1,-1,-1,-1,-1,-1,-1,1.045,1,1,1,1,1,1,1,1,-1,-1,-1,-1,-1,10000,0,1,1,0,0,0,0,1,0,0,0,1,2400,342,6,6,2,0,0,-1,-1,-1,-1,-1,-1,-1,-1,-1,-1,-1,-1,-1,1,1,0,0,0,0,1,1,0,[0|0|0|0|0|0|0]
43500000,Repeating Crossbow,0,0,[0|0|0],4300,5305100,0,3,0,550,240,1000,0,0,0,0,0,0,0,0,-1,-1,-1,-1,-1,-1,2200,43500000,43500000,43500000,43500000,43500000,43500000,43500000,43500000,43500000,43500000,43500000,-1,-1,-1,-1,-1,1,1,1,1,15,15,2,1515,12298,0,0,1,10,222,0,0,0,34,60,0,0,3200,-1,-1,0,-15,7,0,11,46,2,2,102,0,0,935,0,16,13,15,0,0,99,0,0,10,20,0,1,0,0,0,0,0,0,0,0,1,1,1,0,1,0,0,0,0,0,0,0,0,0,0,0,0,1,0,0,0,0,0,0,0,0,1,0,1,1,1,0,2,1,128,2,2,0,0,401000,300,-1,-1,-1,-1,-1,-1,-1,-1,-1,-1,-1,-1,-1,-1,-1,-1,-1,-1,-1,-1,-1,-1,139,139,46,0.011,0,0,0,1,1,0,0,0,0,0,0,1,1,0,0,0,6,40,0,0,0,6,0,0,0,5340,0,47010000,0,0,55,15,15,15,15,15,15,15,15,15,15,0,-1,-1,-1,-1,-1,-1,-1,-1,1,1,1,1,1,1,1,1,1,-1,-1,-1,-1,-1,10000,0,1,1,0,0,0,0,1,0,0,0,0,3000,342,6,6,2,0,0,-1,-1,-1,-1,-1,-1,-1,-1,-1,-1,-1,-1,-1,1,1,0,0,0,0,1,1,0,[0|0|0|0|0|0|0]
43510000,Spread Crossbow,0,0,[0|0|0],4300,5305200,0,2.5,0,500,240,1000,0,0,0,0,0,0,0,0,-1,-1,-1,-1,-1,-1,0,43510000,43510000,43510000,43510000,43510000,43510000,43510000,43510000,43510000,43510000,43510000,43510000,43510000,43510000,43510000,43510000,1,1,1,1,15,15,2,1516,12299,0,0,1,10,204,0,0,0,32,60,0,0,3500,-1,-1,0,-15,7,0,11,46,2,2,102,0,0,235,0,16,11,17,0,0,99,0,0,10,20,0,1,0,0,0,0,0,0,0,0,1,1,1,0,1,0,0,0,0,0,0,0,0,0,0,0,0,1,0,0,0,0,0,0,0,0,1,0,1,1,1,0,2,1,128,2,2,0,0,401000,300,-1,-1,-1,-1,-1,-1,-1,-1,-1,-1,-1,-1,-1,-1,-1,-1,-1,-1,-1,-1,-1,-1,139,139,46,0.011,0,0,0,1,1,0,0,0,0,0,0,1,1,0,0,0,6,40,0,0,0,6,0,0,0,4990,0,47010000,0,0,55,15,15,15,15,15,15,15,15,15,15,0,-1,-1,-1,-1,-1,-1,-1,-1,1,1,1,1,1,1,1,1,1,-1,-1,-1,-1,-1,10000,0,1,1,0,0,0,0,1,0,0,0,1,2500,342,6,6,2,0,0,-1,-1,-1,43510000,43510000,43510000,43510000,43510000,43510000,43510000,43510000,43510000,43510000,1,1,0,0,0,0,1,1,0,[0|0|0|0|0|0|0]
44000000,Hand Ballista,1,0,[0|0|0],4400,5400000,0,5,0,800,580,400,0,0,0,0,0,0,0,0,-1,-1,-1,-1,-1,-1,0,44000000,44000000,44000000,44000000,44000000,44000000,44000000,44000000,44000000,44000000,44000000,44000000,44000000,44000000,44000000,44000000,1,1,1,1,15,15,7,1510,11160,0,0,1,10,600,0,0,0,75,60,0,0,3100,-1,-1,0,0,7,0,11,52,2,2,105,0,0,0,2,12,30,14,0,0,99,0,0,10,99,0,1,0,0,0,0,0,0,0,0,1,1,1,0,1,0,0,0,0,0,0,0,0,0,0,0,0,1,0,0,0,0,0,0,0,1,1,0,1,1,1,0,2,1,128,2,2,0,0,401000,300,-1,-1,-1,-1,-1,-1,-1,-1,-1,-1,-1,-1,-1,-1,-1,-1,-1,-1,-1,-1,-1,-1,139,139,2,0.099,0,0,0,0,1,0,0,0,0,0,0,1,1,0,0,0,6,50,0,0,0,6,0,0,0,4990,0,0,0,0,56,15,15,15,15,15,15,15,15,15,15,0,-1,-1,-1,-1,-1,-1,-1,-1,1,1,1,1,1,1,1,1,1,-1,-1,-1,-1,-1,10000,0,1,1,0,0,0,0,1,0,0,0,1,5800,341,6,6,1,0,0,-1,-1,-1,44000000,44000000,44000000,44000000,44000000,44000000,44000000,44000000,44000000,44000000,1,1,0,0,0,0,1,1,0,[0|0|0|0|0|0|0]
44010000,Jar Cannon,1,0,[0|0|0],4400,5401000,0,7.5,0,800,580,1000,0,0,0,0,0,0,0,0,-1,-1,-1,-1,-1,-1,2200,44010000,44010000,44010000,44010000,44010000,44010000,44010000,44010000,44010000,44010000,44010000,-1,-1,-1,-1,-1,1,1,1,1,15,15,7,1511,11161,0,0,1,10,768,0,0,0,90,60,0,0,3200,-1,-1,0,0,7,0,11,52,2,0,100,0,0,234,2,12,34,12,0,0,99,0,0,10,99,0,1,0,0,0,0,0,0,0,0,1,1,1,0,1,0,0,0,0,0,0,0,0,0,0,0,0,1,0,0,0,0,0,0,0,1,1,0,1,1,1,0,2,1,106,2,2,0,0,401000,300,-1,-1,-1,-1,-1,-1,-1,-1,-1,-1,-1,-1,-1,-1,-1,-1,-1,-1,-1,-1,-1,-1,139,139,2,0.099,0,0,0,0,1,0,0,0,0,0,0,1,1,0,0,0,6,50,0,0,0,6,0,0,0,4990,0,0,0,0,56,15,15,15,15,15,15,15,15,15,15,0,-1,-1,-1,-1,-1,-1,-1,-1,1.12,1,1,1,1,1,1,1,1,-1,-1,-1,-1,-1,10000,0,1,1,0,0,0,0,1,0,0,0,1,5800,341,6,6,2,0,0,-1,-1,-1,-1,-1,-1,-1,-1,-1,-1,-1,-1,-1,1,1,0,0,0,0,1,1,0,[0|0|0|0|0|0|0]
44500000,Rabbath's Cannon,0,0,[0|0|0],4400,5402000,0,7.5,0,800,580,1000,0,0,0,0,0,0,0,0,-1,-1,-1,-1,-1,-1,2200,44500000,44500000,44500000,44500000,44500000,44500000,44500000,44500000,44500000,44500000,44500000,-1,-1,-1,-1,-1,1,1,1,1,15,15,7,1517,12300,0,0,1,10,540,540,0,0,70,60,0,0,3400,-1,-1,0,0,7,0,11,52,2,2,105,0,10,261,2,12,28,16,0,0,99,0,0,10,99,0,1,0,0,0,0,0,0,0,0,1,1,1,0,1,0,0,0,0,0,0,0,0,0,0,0,0,1,0,0,0,0,0,0,0,1,1,0,1,1,1,0,2,1,128,2,2,0,0,401000,300,-1,-1,-1,-1,-1,-1,-1,-1,-1,-1,-1,-1,-1,-1,-1,-1,-1,-1,-1,-1,-1,-1,139,139,2,0.099,0,0,0,0,1,0,0,0,0,0,0,1,1,0,0,0,6,50,0,0,0,6,0,0,0,4990,0,0,0,0,56,15,15,15,15,15,15,15,15,15,15,0,-1,-1,-1,-1,-1,-1,-1,-1,1,1,1,1,1,1,1,1,1,-1,-1,-1,-1,-1,10000,0,1,1,0,0,0,0,1,0,0,0,1,5000,341,6,6,2,0,0,-1,-1,-1,-1,-1,-1,-1,-1,-1,-1,-1,-1,-1,1,1,0,0,0,0,1,1,0,[0|0|0|0|0|0|0]
50000000,Arrow,0,0,[0|0|0],5000,6025000,0,10,0,0,0,10,0,0,0,0,0,0,0,0,-1,-1,-1,-1,-1,-1,-1,-1,-1,-1,-1,-1,-1,-1,-1,-1,-1,-1,-1,-1,-1,-1,-1,1,1,1,1,0,0,2,7000,17000,0,0,1,10,45,0,0,0,5,0,0,0,3000,-1,-1,0,-1,7,0,13,0,0,0,100,0,0,0,0,0,0,0,0,0,0,0,0,10,20,0,0,0,0,0,0,0,0,0,2,0,0,0,0,0,0,0,0,0,0,0,0,0,0,1,0,0,0,0,0,0,0,0,0,0,0,1,0,1,1,1,0,2,0,106,1,1,0,0,-1,-1,-1,-1,-1,-1,-1,-1,-1,-1,-1,-1,-1,-1,-1,-1,-1,-1,-1,-1,-1,-1,-1,-1,139,139,-1,0,0,0,1,0,1,0,0,0,0,0,0,1,1,0,0,0,10,10,2,0,0,10,0,0,2,0,0,0,0,0,81,0,0,0,0,0,0,0,0,0,0,0,-1,-1,-1,-1,-1,-1,-1,-1,1,1,1,1,1,1,1,1,1,-1,-1,-1,-1,-1,10000,0,0,255,0,0,0,0,1,0,0,0,0,0,340,10,10,0,0,0,-1,-1,-1,-1,-1,-1,-1,-1,-1,-1,-1,-1,-1,1,1,0,0,0,0,1,1,0,[0|0|0|0|0|0|0]
50010000,Fire Arrow,0,0,[0|0|0],5001,6027000,0,10,0,0,0,10,0,0,0,0,0,0,0,0,-1,-1,-1,-1,-1,-1,-1,-1,-1,-1,-1,-1,-1,-1,-1,-1,-1,-1,-1,-1,-1,-1,-1,1,1,1,1,0,0,2,7030,17001,0,0,1,10,15,0,95,0,5,0,0,0,3000,-1,-1,0,-1,7,0,13,0,0,0,100,0,11,0,0,0,0,0,0,0,0,0,0,10,20,0,0,0,0,0,0,0,0,0,2,0,0,0,0,0,0,0,0,0,0,0,0,0,0,1,0,0,0,0,0,0,0,0,0,0,0,1,0,1,1,1,0,2,0,106,1,1,0,0,-1,-1,-1,-1,-1,-1,-1,-1,-1,-1,-1,-1,-1,-1,-1,-1,-1,-1,-1,-1,-1,-1,-1,-1,139,139,-1,0,0,0,1,0,1,0,0,0,0,0,0,1,1,0,0,0,10,10,2,0,0,10,0,0,2,0,0,0,0,0,81,0,0,0,0,0,0,0,0,0,0,0,-1,-1,-1,-1,-1,-1,-1,-1,1,1,1,1,1,1,1,1,1,-1,-1,-1,-1,-1,10000,0,0,255,0,0,0,0,1,0,0,0,0,0,340,10,10,0,0,0,-1,-1,-1,-1,-1,-1,-1,-1,-1,-1,-1,-1,-1,1,1,0,0,0,0,1,1,0,[0|0|0|0|0|0|0]
50020000,Serpent Arrow,0,0,[0|0|0],5002,6029000,0,1,0,0,0,10,0,0,0,0,0,0,0,0,-1,6503,-1,-1,-1,-1,-1,-1,-1,-1,-1,-1,-1,-1,-1,-1,-1,-1,-1,-1,-1,-1,-1,1,1,1,1,0,0,2,7040,17002,0,0,1,10,30,0,0,0,5,0,0,0,3000,-1,-1,0,-1,7,0,13,0,0,4,100,0,0,0,0,0,0,0,0,0,0,0,0,10,20,0,0,0,0,0,0,0,0,0,2,0,0,0,0,0,0,0,0,0,0,0,0,0,0,1,0,0,0,0,0,0,0,0,0,0,0,1,0,1,1,1,0,2,0,106,1,1,0,0,-1,-1,-1,-1,-1,-1,-1,-1,-1,-1,-1,-1,-1,-1,-1,-1,-1,-1,-1,-1,-1,-1,-1,-1,139,139,-1,0,0,0,1,0,1,0,0,0,0,0,0,1,1,0,0,0,10,10,2,0,0,10,0,0,2,0,0,0,0,0,81,0,0,0,0,0,0,0,0,0,0,0,-1,-1,-1,-1,-1,-1,-1,-1,1,1,1,1,1,1,1,1,1,-1,-1,-1,-1,-1,10000,0,0,255,0,0,0,0,1,0,0,0,0,0,340,10,10,1,0,0,6402,-1,-1,-1,-1,-1,-1,-1,-1,-1,-1,-1,-1,1,1,0,0,0,0,1,1,0,[0|0|0|0|0|0|0]
50030000,Bone Arrow (Fletched),0,0,[0|0|0],5003,6001000,0,10,0,0,0,1,0,0,0,0,0,0,0,0,-1,-1,-1,-1,-1,-1,-1,-1,-1,-1,-1,-1,-1,-1,-1,-1,-1,-1,-1,-1,-1,-1,-1,1,1,1,1,0,0,2,7020,17003,0,0,1,10,42,0,0,0,5,0,0,0,3000,-1,-1,0,-1,7,0,13,0,0,4,100,0,0,0,0,0,0,0,0,0,0,0,0,10,20,0,0,0,0,0,0,0,0,0,2,0,0,0,0,0,0,0,0,0,0,0,0,0,0,1,0,0,0,0,0,0,0,0,0,0,0,1,0,1,1,1,0,2,0,106,1,1,0,0,-1,-1,-1,-1,-1,-1,-1,-1,-1,-1,-1,-1,-1,-1,-1,-1,-1,-1,-1,-1,-1,-1,-1,-1,139,139,-1,0,0,0,1,0,1,0,1,0,0,0,0,1,1,0,0,0,10,10,2,0,0,10,0,0,2,0,0,0,0,0,81,0,0,0,0,0,0,0,0,0,0,0,-1,-1,-1,-1,-1,-1,-1,-1,1,1,1,1,1,1,1,1,1,-1,-1,-1,-1,-1,10000,0,0,255,0,0,0,0,1,0,0,0,0,0,340,10,10,0,0,0,-1,-1,-1,-1,-1,-1,-1,-1,-1,-1,-1,-1,-1,1,1,0,0,0,0,1,1,0,[0|0|0|0|0|0|0]
50040000,St. Trina's Arrow,0,0,[0|0|0],5004,6031000,0,10,0,0,0,10,0,0,0,0,0,0,0,0,-1,6456,-1,-1,-1,-1,-1,-1,-1,-1,-1,-1,-1,-1,-1,-1,-1,-1,-1,-1,-1,-1,-1,1,1,1,1,0,0,2,7060,17004,0,0,1,10,30,0,0,0,5,0,0,0,3000,-1,-1,0,-1,7,0,13,0,0,4,100,0,0,0,0,0,0,0,0,0,0,0,0,10,20,0,0,0,0,0,0,0,0,0,2,0,0,0,0,0,0,0,0,0,0,0,0,0,0,1,0,0,0,0,0,0,0,0,0,0,0,1,0,1,1,1,0,2,0,106,1,1,0,0,-1,-1,-1,-1,-1,-1,-1,-1,-1,-1,-1,-1,-1,-1,-1,-1,-1,-1,-1,-1,-1,-1,-1,-1,139,139,-1,0,0,0,1,0,1,0,0,0,0,0,0,1,1,0,0,0,10,10,2,0,0,10,0,0,2,0,0,0,0,0,81,0,0,0,0,0,0,0,0,0,0,0,-1,-1,-1,-1,-1,-1,-1,-1,1,1,1,1,1,1,1,1,1,-1,-1,-1,-1,-1,10000,0,0,255,0,0,0,0,1,0,0,0,0,0,340,10,10,1,0,0,6651,-1,-1,-1,-1,-1,-1,-1,-1,-1,-1,-1,-1,1,1,0,0,0,0,1,1,0,[0|0|0|0|0|0|0]
50060000,Shattershard Arrow (Fletched),1,0,[0|0|0],5006,6021000,0,1,0,0,0,10,0,0,0,0,0,0,0,0,-1,-1,-1,-1,-1,-1,-1,-1,-1,-1,-1,-1,-1,-1,-1,-1,-1,-1,-1,-1,-1,-1,-1,1,1,1,1,0,0,2,7020,17018,0,0,1,10,25,0,0,0,5,0,0,0,3000,-1,-1,0,-1,7,0,13,0,0,4,100,0,0,0,0,0,0,0,0,0,0,0,0,10,20,0,0,0,0,0,0,0,0,0,2,0,0,0,0,0,0,0,0,0,0,0,0,0,0,1,0,0,0,0,0,0,0,0,0,0,0,1,0,1,1,1,0,2,0,106,1,1,0,0,-1,-1,-1,-1,-1,-1,-1,-1,-1,-1,-1,-1,-1,-1,-1,-1,-1,-1,-1,-1,-1,-1,-1,-1,139,139,-1,0,0,0,1,0,1,0,1,0,0,0,0,1,1,0,0,0,10,10,2,0,0,10,0,0,2,0,0,0,0,0,81,0,0,0,0,0,0,0,0,0,0,0,-1,-1,-1,-1,-1,-1,-1,-1,1,1,1,1,1,1,1,1,1,-1,-1,-1,-1,-1,10000,0,0,255,0,0,0,0,1,0,0,0,0,0,340,10,10,0,0,0,-1,-1,-1,-1,-1,-1,-1,-1,-1,-1,-1,-1,-1,1,1,0,0,0,0,1,1,0,[0|0|0|0|0|0|0]
50080000,Rainbow Stone Arrow (Fletched),1,0,[0|0|0],5008,6023000,0,4,0,0,0,10,0,0,0,0,0,0,0,0,-1,-1,-1,-1,-1,-1,-1,-1,-1,-1,-1,-1,-1,-1,-1,-1,-1,-1,-1,-1,-1,-1,-1,1,1,1,1,0,0,2,7020,17020,0,0,1,10,25,0,0,0,5,0,0,0,3000,-1,-1,0,-1,7,0,13,0,0,4,100,0,0,0,0,0,0,0,0,0,0,0,0,10,20,0,0,0,0,0,0,0,0,0,2,0,0,0,0,0,0,0,0,0,0,0,0,0,0,1,0,0,0,0,0,0,0,0,0,0,0,1,0,1,1,1,0,2,0,106,1,1,0,0,-1,-1,-1,-1,-1,-1,-1,-1,-1,-1,-1,-1,-1,-1,-1,-1,-1,-1,-1,-1,-1,-1,-1,-1,139,139,-1,0,0,0,1,0,1,0,1,0,0,0,0,1,1,0,0,0,10,10,2,0,0,10,0,0,2,0,0,0,0,0,81,0,0,0,0,0,0,0,0,0,0,0,-1,-1,-1,-1,-1,-1,-1,-1,1,1,1,1,1,1,1,1,1,-1,-1,-1,-1,-1,10000,0,0,255,0,0,0,0,1,0,0,0,0,0,340,10,10,0,0,0,-1,-1,-1,-1,-1,-1,-1,-1,-1,-1,-1,-1,-1,1,1,0,0,0,0,1,1,0,[0|0|0|0|0|0|0]
50090000,Golden Arrow,1,0,[0|0|0],5009,6028000,0,4,0,0,0,10,0,0,0,0,0,0,0,0,-1,-1,-1,-1,-1,-1,-1,-1,-1,-1,-1,-1,-1,-1,-1,-1,-1,-1,-1,-1,-1,-1,-1,1,1,1,1,0,0,2,7110,17009,0,0,1,10,15,0,0,0,5,0,0,0,3000,-1,-1,0,-1,7,0,13,0,0,0,100,0,0,0,0,0,0,0,0,0,0,0,0,10,20,0,0,0,0,0,0,0,0,0,2,0,0,0,0,0,0,0,0,0,0,0,0,0,0,1,0,0,0,0,0,0,0,0,0,0,0,1,0,1,1,1,0,2,0,106,1,1,0,0,-1,-1,-1,-1,-1,-1,-1,-1,-1,-1,-1,-1,-1,-1,-1,-1,-1,-1,-1,-1,-1,-1,-1,-1,139,139,-1,0,0,0,1,0,1,0,0,0,0,0,0,1,1,0,95,0,10,10,2,0,0,10,0,0,2,0,0,0,0,0,81,0,0,0,0,0,0,0,0,0,0,0,-1,-1,-1,-1,-1,-1,-1,-1,1,1,1,1,1,1,1,1,1,-1,-1,-1,-1,-1,10000,0,0,255,0,0,0,0,1,0,0,0,0,0,340,10,10,1,0,0,-1,-1,-1,-1,-1,-1,-1,-1,-1,-1,-1,-1,-1,1,1,0,0,0,0,1,1,0,[0|0|0|0|0|0|0]
50100000,Dwelling Arrow,1,0,[0|0|0],5010,6026000,0,4,0,0,0,10,0,0,0,0,0,0,0,0,-1,-1,-1,-1,-1,-1,-1,-1,-1,-1,-1,-1,-1,-1,-1,-1,-1,-1,-1,-1,-1,-1,-1,1,1,1,1,0,0,2,7050,17010,0,0,1,10,15,95,0,0,5,0,0,0,3000,-1,-1,0,-1,7,0,13,0,0,4,100,0,0,0,0,0,0,0,0,0,0,0,0,10,20,0,0,0,0,0,0,0,0,0,2,0,0,0,0,0,0,0,0,0,0,0,0,0,0,1,0,0,0,0,0,0,0,0,0,0,0,1,0,1,1,1,0,2,0,106,1,1,0,0,-1,-1,-1,-1,-1,-1,-1,-1,-1,-1,-1,-1,-1,-1,-1,-1,-1,-1,-1,-1,-1,-1,-1,-1,139,139,-1,0,0,0,1,0,1,0,0,0,0,0,0,1,1,0,0,0,10,10,2,0,0,10,0,0,2,0,0,0,0,0,81,0,0,0,0,0,0,0,0,0,0,0,-1,-1,-1,-1,-1,-1,-1,-1,1,1,1,1,1,1,1,1,1,-1,-1,-1,-1,-1,10000,0,0,255,0,0,0,0,1,0,0,0,0,0,340,10,10,0,0,0,-1,-1,-1,-1,-1,-1,-1,-1,-1,-1,-1,-1,-1,1,1,0,0,0,0,1,1,0,[0|0|0|0|0|0|0]
50110000,Bone Arrow,0,0,[0|0|0],5011,6000000,0,4,0,0,0,1,0,0,0,0,0,0,0,0,-1,-1,-1,-1,-1,-1,-1,-1,-1,-1,-1,-1,-1,-1,-1,-1,-1,-1,-1,-1,-1,-1,-1,1,1,1,1,0,0,2,7010,17011,0,0,1,10,42,0,0,0,5,0,0,0,3000,-1,-1,0,-1,7,0,13,0,0,4,100,0,0,0,0,0,0,0,0,0,0,0,0,10,20,0,0,0,0,0,0,0,0,0,2,0,0,0,0,0,0,0,0,0,0,0,0,0,0,1,0,0,0,0,0,0,0,0,0,0,0,1,0,1,1,1,0,2,0,106,1,1,0,0,-1,-1,-1,-1,-1,-1,-1,-1,-1,-1,-1,-1,-1,-1,-1,-1,-1,-1,-1,-1,-1,-1,-1,-1,139,139,-1,0,0,0,1,0,1,0,1,0,0,0,0,1,1,0,0,0,10,10,2,0,0,10,0,0,2,0,0,0,0,0,81,0,0,0,0,0,0,0,0,0,0,0,-1,-1,-1,-1,-1,-1,-1,-1,1,1,1,1,1,1,1,1,1,-1,-1,-1,-1,-1,10000,0,0,255,0,0,0,0,1,0,0,0,0,0,340,10,10,0,0,0,-1,-1,-1,-1,-1,-1,-1,-1,-1,-1,-1,-1,-1,1,1,0,0,0,0,1,1,0,[0|0|0|0|0|0|0]
50130000,Firebone Arrow (Fletched),0,0,[0|0|0],5013,6005000,0,4,0,0,0,1,0,0,0,0,0,0,0,0,-1,-1,-1,-1,-1,-1,-1,-1,-1,-1,-1,-1,-1,-1,-1,-1,-1,-1,-1,-1,-1,-1,-1,1,1,1,1,0,0,2,7020,17012,0,0,1,10,13,0,93,0,5,0,0,0,3000,-1,-1,0,-1,7,0,13,0,0,4,100,0,11,0,0,0,0,0,0,0,0,0,0,10,20,0,0,0,0,0,0,0,0,0,2,0,0,0,0,0,0,0,0,0,0,0,0,0,0,1,0,0,0,0,0,0,0,0,0,0,0,1,0,1,1,1,0,2,0,106,1,1,0,0,-1,-1,-1,-1,-1,-1,-1,-1,-1,-1,-1,-1,-1,-1,-1,-1,-1,-1,-1,-1,-1,-1,-1,-1,139,139,-1,0,0,0,1,0,1,0,1,0,0,0,0,1,1,0,0,0,10,10,2,0,0,10,0,0,2,0,0,0,0,0,81,0,0,0,0,0,0,0,0,0,0,0,-1,-1,-1,-1,-1,-1,-1,-1,1,1,1,1,1,1,1,1,1,-1,-1,-1,-1,-1,10000,0,0,255,0,0,0,0,1,0,0,0,0,0,340,10,10,0,0,0,-1,-1,-1,-1,-1,-1,-1,-1,-1,-1,-1,-1,-1,1,1,0,0,0,0,1,1,0,[0|0|0|0|0|0|0]
50140000,Firebone Arrow,0,0,[0|0|0],5014,6004000,0,1,0,0,0,1,0,0,0,0,0,0,0,0,-1,-1,-1,-1,-1,-1,-1,-1,-1,-1,-1,-1,-1,-1,-1,-1,-1,-1,-1,-1,-1,-1,-1,1,1,1,1,0,0,2,7010,17013,0,0,1,10,13,0,93,0,5,0,0,0,3000,-1,-1,0,-1,7,0,13,0,0,4,100,0,11,0,0,0,0,0,0,0,0,0,0,10,20,0,0,0,0,0,0,0,0,0,2,0,0,0,0,0,0,0,0,0,0,0,0,0,0,1,0,0,0,0,0,0,0,0,0,0,0,1,0,1,1,1,0,2,0,106,1,1,0,0,-1,-1,-1,-1,-1,-1,-1,-1,-1,-1,-1,-1,-1,-1,-1,-1,-1,-1,-1,-1,-1,-1,-1,-1,139,139,-1,0,0,0,1,0,1,0,1,0,0,0,0,1,1,0,0,0,10,10,2,0,0,10,0,0,2,0,0,0,0,0,81,0,0,0,0,0,0,0,0,0,0,0,-1,-1,-1,-1,-1,-1,-1,-1,1,1,1,1,1,1,1,1,1,-1,-1,-1,-1,-1,10000,0,0,255,0,0,0,0,1,0,0,0,0,0,340,10,10,0,0,0,-1,-1,-1,-1,-1,-1,-1,-1,-1,-1,-1,-1,-1,1,1,0,0,0,0,1,1,0,[0|0|0|0|0|0|0]
50150000,Poisonbone Arrow (Fletched),0,0,[0|0|0],5015,6011000,0,1,0,0,0,1,0,0,0,0,0,0,0,0,-1,-1,6500,-1,-1,-1,-1,-1,-1,-1,-1,-1,-1,-1,-1,-1,-1,-1,-1,-1,-1,-1,-1,1,1,1,1,0,0,2,7020,17014,0,0,1,10,28,0,0,0,5,0,0,0,3000,-1,-1,0,-1,7,0,13,0,0,4,100,0,0,0,0,0,0,0,0,0,0,0,0,10,20,0,0,0,0,0,0,0,0,0,2,0,0,0,0,0,0,0,0,0,0,0,0,0,0,1,0,0,0,0,0,0,0,0,0,0,0,1,0,1,1,1,0,2,0,106,1,1,0,0,-1,-1,-1,-1,-1,-1,-1,-1,-1,-1,-1,-1,-1,-1,-1,-1,-1,-1,-1,-1,-1,-1,-1,-1,139,139,-1,0,0,0,1,0,1,0,1,0,0,0,0,1,1,0,0,0,10,10,2,0,0,10,0,0,2,0,0,0,0,0,81,0,0,0,0,0,0,0,0,0,0,0,-1,-1,-1,-1,-1,-1,-1,-1,1,1,1,1,1,1,1,1,1,-1,-1,-1,-1,-1,10000,0,0,255,0,0,0,0,1,0,0,0,0,0,340,10,10,0,0,0,6401,-1,-1,-1,-1,-1,-1,-1,-1,-1,-1,-1,-1,1,1,0,0,0,0,1,1,0,[0|0|0|0|0|0|0]
50160000,Poisonbone Arrow,0,0,[0|0|0],5016,6010000,0,4,0,0,0,1,0,0,0,0,0,0,0,0,-1,-1,6500,-1,-1,-1,-1,-1,-1,-1,-1,-1,-1,-1,-1,-1,-1,-1,-1,-1,-1,-1,-1,1,1,1,1,0,0,2,7010,17015,0,0,1,10,28,0,0,0,5,0,0,0,3000,-1,-1,0,-1,7,0,13,0,0,4,100,0,0,0,0,0,0,0,0,0,0,0,0,10,20,0,0,0,0,0,0,0,0,0,2,0,0,0,0,0,0,0,0,0,0,0,0,0,0,1,0,0,0,0,0,0,0,0,0,0,0,1,0,1,1,1,0,2,0,106,1,1,0,0,-1,-1,-1,-1,-1,-1,-1,-1,-1,-1,-1,-1,-1,-1,-1,-1,-1,-1,-1,-1,-1,-1,-1,-1,139,139,-1,0,0,0,1,0,1,0,1,0,0,0,0,1,1,0,0,0,10,10,2,0,0,10,0,0,2,0,0,0,0,0,81,0,0,0,0,0,0,0,0,0,0,0,-1,-1,-1,-1,-1,-1,-1,-1,1,1,1,1,1,1,1,1,1,-1,-1,-1,-1,-1,10000,0,0,255,0,0,0,0,1,0,0,0,0,0,340,10,10,0,0,0,6401,-1,-1,-1,-1,-1,-1,-1,-1,-1,-1,-1,-1,1,1,0,0,0,0,1,1,0,[0|0|0|0|0|0|0]
50170000,Sleepbone Arrow (Fletched),0,0,[0|0|0],5017,6019000,0,1,0,0,0,1,0,0,0,0,0,0,0,0,-1,-1,6454,-1,-1,-1,-1,-1,-1,-1,-1,-1,-1,-1,-1,-1,-1,-1,-1,-1,-1,-1,-1,1,1,1,1,0,0,2,7020,17016,0,0,1,10,28,0,0,0,5,0,0,0,3000,-1,-1,0,-1,7,0,13,0,0,4,100,0,0,0,0,0,0,0,0,0,0,0,0,10,20,0,0,0,0,0,0,0,0,0,2,0,0,0,0,0,0,0,0,0,0,0,0,0,0,1,0,0,0,0,0,0,0,0,0,0,0,1,0,1,1,1,0,2,0,106,1,1,0,0,-1,-1,-1,-1,-1,-1,-1,-1,-1,-1,-1,-1,-1,-1,-1,-1,-1,-1,-1,-1,-1,-1,-1,-1,139,139,-1,0,0,0,1,0,1,0,1,0,0,0,0,1,1,0,0,0,10,10,2,0,0,10,0,0,2,0,0,0,0,0,81,0,0,0,0,0,0,0,0,0,0,0,-1,-1,-1,-1,-1,-1,-1,-1,1,1,1,1,1,1,1,1,1,-1,-1,-1,-1,-1,10000,0,0,255,0,0,0,0,1,0,0,0,0,0,340,10,10,1,0,0,6651,-1,-1,-1,-1,-1,-1,-1,-1,-1,-1,-1,-1,1,1,0,0,0,0,1,1,0,[0|0|0|0|0|0|0]
50180000,Sleepbone Arrow,0,0,[0|0|0],5018,6018000,0,1,0,0,0,1,0,0,0,0,0,0,0,0,-1,-1,6454,-1,-1,-1,-1,-1,-1,-1,-1,-1,-1,-1,-1,-1,-1,-1,-1,-1,-1,-1,-1,1,1,1,1,0,0,2,7010,17017,0,0,1,10,28,0,0,0,5,0,0,0,3000,-1,-1,0,-1,7,0,13,0,0,4,100,0,0,0,0,0,0,0,0,0,0,0,0,10,20,0,0,0,0,0,0,0,0,0,2,0,0,0,0,0,0,0,0,0,0,0,0,0,0,1,0,0,0,0,0,0,0,0,0,0,0,1,0,1,1,1,0,2,0,106,1,1,0,0,-1,-1,-1,-1,-1,-1,-1,-1,-1,-1,-1,-1,-1,-1,-1,-1,-1,-1,-1,-1,-1,-1,-1,-1,139,139,-1,0,0,0,1,0,1,0,1,0,0,0,0,1,1,0,0,0,10,10,2,0,0,10,0,0,2,0,0,0,0,0,81,0,0,0,0,0,0,0,0,0,0,0,-1,-1,-1,-1,-1,-1,-1,-1,1,1,1,1,1,1,1,1,1,-1,-1,-1,-1,-1,10000,0,0,255,0,0,0,0,1,0,0,0,0,0,340,10,10,1,0,0,6651,-1,-1,-1,-1,-1,-1,-1,-1,-1,-1,-1,-1,1,1,0,0,0,0,1,1,0,[0|0|0|0|0|0|0]
50190000,Stormwing Bone Arrow,1,0,[0|0|0],5019,6024000,0,10,0,0,0,1,0,0,0,0,0,0,0,0,-1,-1,-1,-1,-1,-1,-1,-1,-1,-1,-1,-1,-1,-1,-1,-1,-1,-1,-1,-1,-1,-1,-1,1,1,1,1,0,0,5,7000,17035,0,0,1,10,58,0,0,0,45,0,0,0,3000,-1,-1,0,-1,7,0,13,0,0,4,100,0,0,0,0,0,0,0,0,0,0,0,0,10,20,0,0,0,0,0,0,0,0,0,2,0,0,0,0,0,0,0,0,0,0,0,0,0,0,1,0,0,0,0,0,0,0,0,0,0,0,1,0,1,1,1,0,2,0,106,1,1,0,0,-1,-1,-1,-1,-1,-1,-1,-1,-1,-1,-1,-1,-1,-1,-1,-1,-1,-1,-1,-1,-1,-1,-1,-1,139,139,-1,0,0,0,1,0,1,0,1,0,0,0,0,1,1,0,0,0,10,10,2,0,0,10,0,0,2,0,0,0,0,0,81,0,0,0,0,0,0,0,0,0,0,0,-1,-1,-1,-1,-1,-1,-1,-1,1,1,1,1,1,1,1,1,1,-1,-1,-1,-1,-1,10000,0,0,255,0,0,0,0,1,0,0,0,0,0,340,10,10,0,0,0,-1,-1,-1,-1,-1,-1,-1,-1,-1,-1,-1,-1,-1,1,1,0,0,0,0,1,1,0,[0|0|0|0|0|0|0]
50200000,Lightningbone Arrow (Fletched),0,0,[0|0|0],5020,6007000,0,10,0,0,0,1,0,0,0,0,0,0,0,0,-1,-1,-1,-1,-1,-1,-1,-1,-1,-1,-1,-1,-1,-1,-1,-1,-1,-1,-1,-1,-1,-1,-1,1,1,1,1,0,0,2,7020,17022,0,0,1,10,13,0,0,93,5,0,0,0,3000,-1,-1,0,-1,7,0,13,0,0,4,100,0,12,0,0,0,0,0,0,0,0,0,0,10,20,0,0,0,0,0,0,0,0,0,2,0,0,0,0,0,0,0,0,0,0,0,0,0,0,1,0,0,0,0,0,0,0,0,0,0,0,1,0,1,1,1,0,2,0,106,1,1,0,0,-1,-1,-1,-1,-1,-1,-1,-1,-1,-1,-1,-1,-1,-1,-1,-1,-1,-1,-1,-1,-1,-1,-1,-1,139,139,-1,0,0,0,1,0,1,0,1,0,0,0,0,1,1,0,0,0,10,10,2,0,0,10,0,0,2,0,0,0,0,0,81,0,0,0,0,0,0,0,0,0,0,0,-1,-1,-1,-1,-1,-1,-1,-1,1,1,1,1,1,1,1,1,1,-1,-1,-1,-1,-1,10000,0,0,255,0,0,0,0,1,0,0,0,0,0,340,10,10,0,0,0,-1,-1,-1,-1,-1,-1,-1,-1,-1,-1,-1,-1,-1,1,1,0,0,0,0,1,1,0,[0|0|0|0|0|0|0]
50210000,Lightningbone Arrow,0,0,[0|0|0],5021,6006000,0,0,0,0,0,1,0,0,0,0,0,0,0,0,-1,-1,-1,-1,-1,-1,-1,-1,-1,-1,-1,-1,-1,-1,-1,-1,-1,-1,-1,-1,-1,-1,-1,1,1,1,1,0,0,2,7010,17023,0,0,1,10,13,0,0,93,5,0,0,0,3000,-1,-1,0,-1,7,0,13,0,0,4,100,0,12,0,0,0,0,0,0,0,0,0,0,10,20,0,0,0,0,0,0,0,0,0,2,0,0,0,0,0,0,0,0,0,0,0,0,0,0,1,0,0,0,0,0,0,0,0,0,0,0,1,0,1,1,1,0,2,0,106,1,1,0,0,-1,-1,-1,-1,-1,-1,-1,-1,-1,-1,-1,-1,-1,-1,-1,-1,-1,-1,-1,-1,-1,-1,-1,-1,139,139,-1,0,0,0,1,0,1,0,1,0,0,0,0,1,1,0,0,0,10,10,2,0,0,10,0,0,2,0,0,0,0,0,81,0,0,0,0,0,0,0,0,0,0,0,-1,-1,-1,-1,-1,-1,-1,-1,1,1,1,1,1,1,1,1,1,-1,-1,-1,-1,-1,10000,0,0,255,0,0,0,0,1,0,0,0,0,0,340,10,10,0,0,0,-1,-1,-1,-1,-1,-1,-1,-1,-1,-1,-1,-1,-1,1,1,0,0,0,0,1,1,0,[0|0|0|0|0|0|0]
50220000,Rainbow Stone Arrow,1,0,[0|0|0],5022,6022000,0,0,0,0,0,1,0,0,0,0,0,0,0,0,-1,-1,-1,-1,-1,-1,-1,-1,-1,-1,-1,-1,-1,-1,-1,-1,-1,-1,-1,-1,-1,-1,-1,1,1,1,1,0,0,2,7010,17021,0,0,1,10,28,0,0,0,5,0,0,0,3000,-1,-1,0,-1,7,0,13,0,0,4,100,0,0,0,0,0,0,0,0,0,0,0,0,10,20,0,0,0,0,0,0,0,0,0,2,0,0,0,0,0,0,0,0,0,0,0,0,0,0,1,0,0,0,0,0,0,0,0,0,0,0,1,0,1,1,1,0,2,0,106,1,1,0,0,-1,-1,-1,-1,-1,-1,-1,-1,-1,-1,-1,-1,-1,-1,-1,-1,-1,-1,-1,-1,-1,-1,-1,-1,139,139,-1,0,0,0,1,0,1,0,1,0,0,0,0,1,1,0,0,0,10,10,2,0,0,10,0,0,2,0,0,0,0,0,81,0,0,0,0,0,0,0,0,0,0,0,-1,-1,-1,-1,-1,-1,-1,-1,1,1,1,1,1,1,1,1,1,-1,-1,-1,-1,-1,10000,0,0,255,0,0,0,0,1,0,0,0,0,0,340,10,10,0,0,0,-1,-1,-1,-1,-1,-1,-1,-1,-1,-1,-1,-1,-1,1,1,0,0,0,0,1,1,0,[0|0|0|0|0|0|0]
50230000,Shattershard Arrow,1,0,[0|0|0],5023,6020000,0,0,0,0,0,1,0,0,0,0,0,0,0,0,-1,-1,-1,-1,-1,-1,-1,-1,-1,-1,-1,-1,-1,-1,-1,-1,-1,-1,-1,-1,-1,-1,-1,1,1,1,1,0,0,2,7010,17019,0,0,1,10,28,0,0,0,5,0,0,0,3000,-1,-1,0,-1,7,0,13,0,0,4,100,0,0,0,0,0,0,0,0,0,0,0,0,10,20,0,0,0,0,0,0,0,0,0,2,0,0,0,0,0,0,0,0,0,0,0,0,0,0,1,0,0,0,0,0,0,0,0,0,0,0,1,0,1,1,1,0,2,0,106,1,1,0,0,-1,-1,-1,-1,-1,-1,-1,-1,-1,-1,-1,-1,-1,-1,-1,-1,-1,-1,-1,-1,-1,-1,-1,-1,139,139,-1,0,0,0,1,0,1,0,1,0,0,0,0,1,1,0,0,0,10,10,2,0,0,10,0,0,2,0,0,0,0,0,81,0,0,0,0,0,0,0,0,0,0,0,-1,-1,-1,-1,-1,-1,-1,-1,1,1,1,1,1,1,1,1,1,-1,-1,-1,-1,-1,10000,0,0,255,0,0,0,0,1,0,0,0,0,0,340,10,10,0,0,0,-1,-1,-1,-1,-1,-1,-1,-1,-1,-1,-1,-1,-1,1,1,0,0,0,0,1,1,0,[0|0|0|0|0|0|0]
50240000,Spiritflame Arrow,1,0,[0|0|0],5024,6030000,0,0,0,0,0,10,0,0,0,0,0,0,0,0,-1,-1,6702,-1,-1,-1,-1,-1,-1,-1,-1,-1,-1,-1,-1,-1,-1,-1,-1,-1,-1,-1,-1,1,1,1,1,0,0,2,7000,17024,0,0,1,10,30,40,0,0,5,0,0,0,3000,-1,-1,0,-1,7,0,13,0,0,0,100,0,10,0,0,0,0,0,0,0,0,0,0,10,20,0,0,0,0,0,0,0,0,0,2,0,0,0,0,0,0,0,0,0,0,0,0,0,0,1,0,0,0,0,0,0,0,0,0,0,0,1,0,1,1,1,0,2,0,106,1,1,0,0,-1,-1,-1,-1,-1,-1,-1,-1,-1,-1,-1,-1,-1,-1,-1,-1,-1,-1,-1,-1,-1,-1,-1,-1,139,139,-1,0,0,0,1,0,1,0,0,0,0,0,0,1,1,0,0,0,10,10,2,0,0,10,0,0,2,0,0,0,0,0,81,0,0,0,0,0,0,0,0,0,0,0,-1,-1,-1,-1,-1,-1,-1,-1,1,1,1,1,1,1,1,1,1,-1,-1,-1,-1,-1,10000,0,0,255,0,0,0,0,1,0,0,0,0,0,340,10,10,1,0,0,6601,-1,-1,-1,-1,-1,-1,-1,-1,-1,-1,-1,-1,1,1,0,0,1,0,1,1,0,[0|0|0|0|0|0|0]
50260000,Magicbone Arrow (Fletched),1,0,[0|0|0],5026,6003000,0,0,0,0,0,1,0,0,0,0,0,0,0,0,-1,-1,-1,-1,-1,-1,-1,-1,-1,-1,-1,-1,-1,-1,-1,-1,-1,-1,-1,-1,-1,-1,-1,1,1,1,1,0,0,2,7020,17025,0,0,1,10,13,93,0,0,5,0,0,0,3000,-1,-1,0,-1,7,0,13,0,0,4,100,0,10,0,0,0,0,0,0,0,0,0,0,10,20,0,0,0,0,0,0,0,0,0,2,0,0,0,0,0,0,0,0,0,0,0,0,0,0,1,0,0,0,0,0,0,0,0,0,0,0,1,0,1,1,1,0,2,0,106,1,1,0,0,-1,-1,-1,-1,-1,-1,-1,-1,-1,-1,-1,-1,-1,-1,-1,-1,-1,-1,-1,-1,-1,-1,-1,-1,139,139,-1,0,0,0,1,0,1,0,1,0,0,0,0,1,1,0,0,0,10,10,2,0,0,10,0,0,2,0,0,0,0,0,81,0,0,0,0,0,0,0,0,0,0,0,-1,-1,-1,-1,-1,-1,-1,-1,1,1,1,1,1,1,1,1,1,-1,-1,-1,-1,-1,10000,0,0,255,0,0,0,0,1,0,0,0,0,0,340,10,10,0,0,0,-1,-1,-1,-1,-1,-1,-1,-1,-1,-1,-1,-1,-1,1,1,0,0,0,0,1,1,0,[0|0|0|0|0|0|0]
50270000,Magicbone Arrow,1,0,[0|0|0],5027,6002000,0,0,0,0,0,1,0,0,0,0,0,0,0,0,-1,-1,-1,-1,-1,-1,-1,-1,-1,-1,-1,-1,-1,-1,-1,-1,-1,-1,-1,-1,-1,-1,-1,1,1,1,1,0,0,2,7010,17026,0,0,1,10,13,93,0,0,5,0,0,0,3000,-1,-1,0,-1,7,0,13,0,0,4,100,0,10,0,0,0,0,0,0,0,0,0,0,10,20,0,0,0,0,0,0,0,0,0,2,0,0,0,0,0,0,0,0,0,0,0,0,0,0,1,0,0,0,0,0,0,0,0,0,0,0,1,0,1,1,1,0,2,0,106,1,1,0,0,-1,-1,-1,-1,-1,-1,-1,-1,-1,-1,-1,-1,-1,-1,-1,-1,-1,-1,-1,-1,-1,-1,-1,-1,139,139,-1,0,0,0,1,0,1,0,1,0,0,0,0,1,1,0,0,0,10,10,2,0,0,10,0,0,2,0,0,0,0,0,81,0,0,0,0,0,0,0,0,0,0,0,-1,-1,-1,-1,-1,-1,-1,-1,1,1,1,1,1,1,1,1,1,-1,-1,-1,-1,-1,10000,0,0,255,0,0,0,0,1,0,0,0,0,0,340,10,10,0,0,0,-1,-1,-1,-1,-1,-1,-1,-1,-1,-1,-1,-1,-1,1,1,0,0,0,0,1,1,0,[0|0|0|0|0|0|0]
50280000,Haligbone Arrow (Fletched),1,0,[0|0|0],5028,6009000,0,0,0,0,0,1,0,0,0,0,0,0,0,0,-1,-1,-1,-1,-1,-1,-1,-1,-1,-1,-1,-1,-1,-1,-1,-1,-1,-1,-1,-1,-1,-1,-1,1,1,1,1,0,0,2,7020,17027,0,0,1,10,13,0,0,0,5,0,0,0,3000,-1,-1,0,-1,7,0,13,0,0,4,100,0,13,0,0,0,0,0,0,0,0,0,0,10,20,0,0,0,0,0,0,0,0,0,2,0,0,0,0,0,0,0,0,0,0,0,0,0,0,1,0,0,0,0,0,0,0,0,0,0,0,1,0,1,1,1,0,2,0,106,1,1,0,0,-1,-1,-1,-1,-1,-1,-1,-1,-1,-1,-1,-1,-1,-1,-1,-1,-1,-1,-1,-1,-1,-1,-1,-1,139,139,-1,0,0,0,1,0,1,0,1,0,0,0,0,1,1,0,93,0,10,10,2,0,0,10,0,0,2,0,0,0,0,0,81,0,0,0,0,0,0,0,0,0,0,0,-1,-1,-1,-1,-1,-1,-1,-1,1,1,1,1,1,1,1,1,1,-1,-1,-1,-1,-1,10000,0,0,255,0,0,0,0,1,0,0,0,0,0,340,10,10,0,0,0,-1,-1,-1,-1,-1,-1,-1,-1,-1,-1,-1,-1,-1,1,1,0,0,0,0,1,1,0,[0|0|0|0|0|0|0]
50290000,Haligbone Arrow,1,0,[0|0|0],5029,6008000,0,0,0,0,0,1,0,0,0,0,0,0,0,0,-1,-1,-1,-1,-1,-1,-1,-1,-1,-1,-1,-1,-1,-1,-1,-1,-1,-1,-1,-1,-1,-1,-1,1,1,1,1,0,0,2,7010,17028,0,0,1,10,13,0,0,0,5,0,0,0,3000,-1,-1,0,-1,7,0,13,0,0,4,100,0,13,0,0,0,0,0,0,0,0,0,0,10,20,0,0,0,0,0,0,0,0,0,2,0,0,0,0,0,0,0,0,0,0,0,0,0,0,1,0,0,0,0,0,0,0,0,0,0,0,1,0,1,1,1,0,2,0,106,1,1,0,0,-1,-1,-1,-1,-1,-1,-1,-1,-1,-1,-1,-1,-1,-1,-1,-1,-1,-1,-1,-1,-1,-1,-1,-1,139,139,-1,0,0,0,1,0,1,0,1,0,0,0,0,1,1,0,93,0,10,10,2,0,0,10,0,0,2,0,0,0,0,0,81,0,0,0,0,0,0,0,0,0,0,0,-1,-1,-1,-1,-1,-1,-1,-1,1,1,1,1,1,1,1,1,1,-1,-1,-1,-1,-1,10000,0,0,255,0,0,0,0,1,0,0,0,0,0,340,10,10,0,0,0,-1,-1,-1,-1,-1,-1,-1,-1,-1,-1,-1,-1,-1,1,1,0,0,0,0,1,1,0,[0|0|0|0|0|0|0]
50300000,Bloodbone Arrow (Fletched),1,0,[0|0|0],5030,6015000,0,0,0,0,0,1,0,0,0,0,0,0,0,0,-1,6402,-1,-1,-1,-1,-1,-1,-1,-1,-1,-1,-1,-1,-1,-1,-1,-1,-1,-1,-1,-1,-1,1,1,1,1,0,0,2,7020,17029,0,0,1,10,28,0,0,0,5,0,0,0,3000,-1,-1,0,-1,7,0,13,0,0,4,100,0,0,0,0,0,0,0,0,0,0,0,0,10,20,0,0,0,0,0,0,0,0,0,2,0,0,0,0,0,0,0,0,0,0,0,0,0,0,1,0,0,0,0,0,0,0,0,0,0,0,1,0,1,1,1,0,2,0,106,1,1,0,0,-1,-1,-1,-1,-1,-1,-1,-1,-1,-1,-1,-1,-1,-1,-1,-1,-1,-1,-1,-1,-1,-1,-1,-1,139,139,-1,0,0,0,1,0,1,0,1,0,0,0,0,1,1,0,0,0,10,10,2,0,0,10,0,0,2,0,0,0,0,0,81,0,0,0,0,0,0,0,0,0,0,0,-1,-1,-1,-1,-1,-1,-1,-1,1,1,1,1,1,1,1,1,1,-1,-1,-1,-1,-1,10000,0,0,255,0,0,0,0,1,0,0,0,0,0,340,10,10,0,0,0,6501,-1,-1,-1,-1,-1,-1,-1,-1,-1,-1,-1,-1,1,1,0,0,0,0,1,1,0,[0|0|0|0|0|0|0]
50310000,Bloodbone Arrow,1,0,[0|0|0],5031,6014000,0,0,0,0,0,1,0,0,0,0,0,0,0,0,-1,6402,-1,-1,-1,-1,-1,-1,-1,-1,-1,-1,-1,-1,-1,-1,-1,-1,-1,-1,-1,-1,-1,1,1,1,1,0,0,2,7010,17030,0,0,1,10,28,0,0,0,5,0,0,0,3000,-1,-1,0,-1,7,0,13,0,0,4,100,0,0,0,0,0,0,0,0,0,0,0,0,10,20,0,0,0,0,0,0,0,0,0,2,0,0,0,0,0,0,0,0,0,0,0,0,0,0,1,0,0,0,0,0,0,0,0,0,0,0,1,0,1,1,1,0,2,0,106,1,1,0,0,-1,-1,-1,-1,-1,-1,-1,-1,-1,-1,-1,-1,-1,-1,-1,-1,-1,-1,-1,-1,-1,-1,-1,-1,139,139,-1,0,0,0,1,0,1,0,1,0,0,0,0,1,1,0,0,0,10,10,2,0,0,10,0,0,2,0,0,0,0,0,81,0,0,0,0,0,0,0,0,0,0,0,-1,-1,-1,-1,-1,-1,-1,-1,1,1,1,1,1,1,1,1,1,-1,-1,-1,-1,-1,10000,0,0,255,0,0,0,0,1,0,0,0,0,0,340,10,10,0,0,0,6501,-1,-1,-1,-1,-1,-1,-1,-1,-1,-1,-1,-1,1,1,0,0,0,0,1,1,0,[0|0|0|0|0|0|0]
50320000,Coldbone Arrow (Fletched),1,0,[0|0|0],5032,6017000,0,0,0,0,0,1,0,0,0,0,0,0,0,0,-1,-1,6701,-1,-1,-1,-1,-1,-1,-1,-1,-1,-1,-1,-1,-1,-1,-1,-1,-1,-1,-1,-1,1,1,1,1,0,0,2,7020,17031,0,0,1,10,28,13,0,0,5,0,0,0,3000,-1,-1,0,-1,7,0,13,0,0,4,100,0,10,0,0,0,0,0,0,0,0,0,0,10,20,0,0,0,0,0,0,0,0,0,2,0,0,0,0,0,0,0,0,0,0,0,0,0,0,1,0,0,0,0,0,0,0,0,0,0,0,1,0,1,1,1,0,2,0,106,1,1,0,0,-1,-1,-1,-1,-1,-1,-1,-1,-1,-1,-1,-1,-1,-1,-1,-1,-1,-1,-1,-1,-1,-1,-1,-1,139,139,-1,0,0,0,1,0,1,0,1,0,0,0,0,1,1,0,0,0,10,10,2,0,0,10,0,0,2,0,0,0,0,0,81,0,0,0,0,0,0,0,0,0,0,0,-1,-1,-1,-1,-1,-1,-1,-1,1,1,1,1,1,1,1,1,1,-1,-1,-1,-1,-1,10000,0,0,255,0,0,0,0,1,0,0,0,0,0,340,10,10,0,0,0,6601,-1,-1,-1,-1,-1,-1,-1,-1,-1,-1,-1,-1,1,1,0,0,0,0,1,1,0,[0|0|0|0|0|0|0]
50330000,Coldbone Arrow,1,0,[0|0|0],5033,6016000,0,0,0,0,0,1,0,0,0,0,0,0,0,0,-1,-1,6701,-1,-1,-1,-1,-1,-1,-1,-1,-1,-1,-1,-1,-1,-1,-1,-1,-1,-1,-1,-1,1,1,1,1,0,0,2,7010,17032,0,0,1,10,28,13,0,0,5,0,0,0,3000,-1,-1,0,-1,7,0,13,0,0,4,100,0,10,0,0,0,0,0,0,0,0,0,0,10,20,0,0,0,0,0,0,0,0,0,2,0,0,0,0,0,0,0,0,0,0,0,0,0,0,1,0,0,0,0,0,0,0,0,0,0,0,1,0,1,1,1,0,2,0,106,1,1,0,0,-1,-1,-1,-1,-1,-1,-1,-1,-1,-1,-1,-1,-1,-1,-1,-1,-1,-1,-1,-1,-1,-1,-1,-1,139,139,-1,0,0,0,1,0,1,0,1,0,0,0,0,1,1,0,0,0,10,10,2,0,0,10,0,0,2,0,0,0,0,0,81,0,0,0,0,0,0,0,0,0,0,0,-1,-1,-1,-1,-1,-1,-1,-1,1,1,1,1,1,1,1,1,1,-1,-1,-1,-1,-1,10000,0,0,255,0,0,0,0,1,0,0,0,0,0,340,10,10,0,0,0,6601,-1,-1,-1,-1,-1,-1,-1,-1,-1,-1,-1,-1,1,1,0,0,0,0,1,1,0,[0|0|0|0|0|0|0]
50340000,Rotbone Arrow (Fletched),1,0,[0|0|0],5034,6013000,0,0,0,0,0,1,0,0,0,0,0,0,0,0,-1,-1,6600,-1,-1,-1,-1,-1,-1,-1,-1,-1,-1,-1,-1,-1,-1,-1,-1,-1,-1,-1,-1,1,1,1,1,0,0,2,7020,17033,0,0,1,10,28,0,0,0,5,0,0,0,3000,-1,-1,0,-1,7,0,13,0,0,4,100,0,0,0,0,0,0,0,0,0,0,0,0,10,20,0,0,0,0,0,0,0,0,0,2,0,0,0,0,0,0,0,0,0,0,0,0,0,0,1,0,0,0,0,0,0,0,0,0,0,0,1,0,1,1,1,0,2,0,106,1,1,0,0,-1,-1,-1,-1,-1,-1,-1,-1,-1,-1,-1,-1,-1,-1,-1,-1,-1,-1,-1,-1,-1,-1,-1,-1,139,139,-1,0,0,0,1,0,1,0,1,0,0,0,0,1,1,0,0,0,10,10,2,0,0,10,0,0,2,0,0,0,0,0,81,0,0,0,0,0,0,0,0,0,0,0,-1,-1,-1,-1,-1,-1,-1,-1,1,1,1,1,1,1,1,1,1,-1,-1,-1,-1,-1,10000,0,0,255,0,0,0,0,1,0,0,0,0,0,340,10,10,1,0,0,6451,-1,-1,-1,-1,-1,-1,-1,-1,-1,-1,-1,-1,1,1,0,0,0,0,1,1,0,[0|0|0|0|0|0|0]
50350000,Rotbone Arrow,1,0,[0|0|0],5035,6012000,0,0,0,0,0,1,0,0,0,0,0,0,0,0,-1,-1,6600,-1,-1,-1,-1,-1,-1,-1,-1,-1,-1,-1,-1,-1,-1,-1,-1,-1,-1,-1,-1,1,1,1,1,0,0,2,7010,17034,0,0,1,10,28,0,0,0,5,0,0,0,3000,-1,-1,0,-1,7,0,13,0,0,4,100,0,0,0,0,0,0,0,0,0,0,0,0,10,20,0,0,0,0,0,0,0,0,0,2,0,0,0,0,0,0,0,0,0,0,0,0,0,0,1,0,0,0,0,0,0,0,0,0,0,0,1,0,1,1,1,0,2,0,106,1,1,0,0,-1,-1,-1,-1,-1,-1,-1,-1,-1,-1,-1,-1,-1,-1,-1,-1,-1,-1,-1,-1,-1,-1,-1,-1,139,139,-1,0,0,0,1,0,1,0,1,0,0,0,0,1,1,0,0,0,10,10,2,0,0,10,0,0,2,0,0,0,0,0,81,0,0,0,0,0,0,0,0,0,0,0,-1,-1,-1,-1,-1,-1,-1,-1,1,1,1,1,1,1,1,1,1,-1,-1,-1,-1,-1,10000,0,0,255,0,0,0,0,1,0,0,0,0,0,340,10,10,1,0,0,6451,-1,-1,-1,-1,-1,-1,-1,-1,-1,-1,-1,-1,1,1,0,0,0,0,1,1,0,[0|0|0|0|0|0|0]
50540000,Piquebone Arrow (Fletched),0,0,[0|0|0],5040,6023200,0,0,0,0,0,10,0,0,0,0,0,0,0,0,-1,-1,-1,-1,-1,-1,-1,-1,-1,-1,-1,-1,-1,-1,-1,-1,-1,-1,-1,-1,-1,-1,-1,1,1,1,1,0,0,2,7000,17041,0,0,1,10,25,0,0,0,5,0,0,0,3000,-1,-1,0,-1,7,0,13,0,0,0,100,0,0,0,0,0,0,0,0,0,0,0,0,10,20,0,0,0,0,0,0,0,0,0,2,0,0,0,0,0,0,0,0,0,0,0,0,0,0,1,0,0,0,0,0,0,0,0,0,0,0,1,0,1,1,1,0,2,0,106,1,1,0,0,-1,-1,-1,-1,-1,-1,-1,-1,-1,-1,-1,-1,-1,-1,-1,-1,-1,-1,-1,-1,-1,-1,-1,-1,139,139,-1,0,0,0,1,0,1,0,1,0,0,0,0,1,1,0,0,0,10,10,2,0,0,10,0,0,2,0,0,0,0,0,81,0,0,0,0,0,0,0,0,0,0,0,-1,-1,-1,-1,-1,-1,-1,-1,1,1,1,1,1,1,1,1,1,-1,-1,-1,-1,-1,10000,0,0,255,0,0,0,0,1,0,0,0,0,0,340,10,10,0,0,0,-1,-1,-1,-1,-1,-1,-1,-1,-1,-1,-1,-1,-1,1,1,0,0,0,0,1,1,0,[0|0|0|0|0|0|0]
50550000,Piquebone Arrow,0,0,[0|0|0],5041,6023100,0,0,0,0,0,10,0,0,0,0,0,0,0,0,-1,-1,-1,-1,-1,-1,-1,-1,-1,-1,-1,-1,-1,-1,-1,-1,-1,-1,-1,-1,-1,-1,-1,1,1,1,1,0,0,2,7000,17042,0,0,1,10,28,0,0,0,5,0,0,0,3000,-1,-1,0,-1,7,0,13,0,0,0,100,0,0,0,0,0,0,0,0,0,0,0,0,10,20,0,0,0,0,0,0,0,0,0,2,0,0,0,0,0,0,0,0,0,0,0,0,0,0,1,0,0,0,0,0,0,0,0,0,0,0,1,0,1,1,1,0,2,0,106,1,1,0,0,-1,-1,-1,-1,-1,-1,-1,-1,-1,-1,-1,-1,-1,-1,-1,-1,-1,-1,-1,-1,-1,-1,-1,-1,139,139,-1,0,0,0,1,0,1,0,1,0,0,0,0,1,1,0,0,0,10,10,2,0,0,10,0,0,2,0,0,0,0,0,81,0,0,0,0,0,0,0,0,0,0,0,-1,-1,-1,-1,-1,-1,-1,-1,1,1,1,1,1,1,1,1,1,-1,-1,-1,-1,-1,10000,0,0,255,0,0,0,0,1,0,0,0,0,0,340,10,10,0,0,0,-1,-1,-1,-1,-1,-1,-1,-1,-1,-1,-1,-1,-1,1,1,0,0,0,0,1,1,0,[0|0|0|0|0|0|0]
51000000,Great Arrow,1,0,[0|0|0],5100,6102000,0,0,0,0,0,10,0,0,0,0,0,0,0,0,-1,-1,-1,-1,-1,-1,-1,-1,-1,-1,-1,-1,-1,-1,-1,-1,-1,-1,-1,-1,-1,-1,-1,1,1,1,1,0,0,7,7300,17100,0,0,1,10,100,0,0,0,60,0,0,0,3000,-1,-1,0,-1,7,0,13,0,0,0,100,0,0,0,0,0,0,0,0,0,0,0,0,10,99,0,0,0,0,0,0,0,0,0,2,0,0,0,0,0,0,0,0,0,0,0,0,0,0,1,0,0,0,0,0,0,0,0,0,0,1,1,0,1,1,1,0,2,0,106,1,1,0,0,-1,-1,-1,-1,-1,-1,-1,-1,-1,-1,-1,-1,-1,-1,-1,-1,-1,-1,-1,-1,-1,-1,-1,-1,139,139,-1,0,0,0,1,0,1,0,0,0,0,0,0,1,1,0,0,0,10,20,2,0,0,10,0,0,2,0,0,0,0,0,83,0,0,0,0,0,0,0,0,0,0,0,-1,-1,-1,-1,-1,-1,-1,-1,1,1,1,1,1,1,1,1,1,-1,-1,-1,-1,-1,10000,0,0,255,0,0,0,0,1,0,0,0,0,0,340,10,10,0,0,0,-1,-1,-1,-1,-1,-1,-1,-1,-1,-1,-1,-1,-1,1,1,0,0,0,0,1,1,0,[0|0|0|0|0|0|0]
51010000,Golem's Great Arrow,1,0,[0|0|0],5101,6103000,0,0,0,0,0,10,0,0,0,0,0,0,0,0,-1,-1,-1,-1,-1,-1,-1,-1,-1,-1,-1,-1,-1,-1,-1,-1,-1,-1,-1,-1,-1,-1,-1,1,1,1,1,0,0,10,7310,17101,0,0,1,10,105,0,0,0,90,0,0,0,3000,-1,-1,0,-1,7,0,13,0,0,0,100,0,0,0,0,0,0,0,0,0,0,0,0,10,99,0,0,0,0,0,0,0,0,0,2,0,0,0,0,0,0,0,0,0,0,0,0,0,0,1,0,0,0,0,0,0,0,0,0,0,1,1,0,1,1,1,0,2,0,106,1,1,0,0,-1,-1,-1,-1,-1,-1,-1,-1,-1,-1,-1,-1,-1,-1,-1,-1,-1,-1,-1,-1,-1,-1,-1,-1,139,139,-1,0,0,0,1,0,1,0,0,0,0,0,0,1,1,0,0,0,10,20,2,0,0,10,0,0,2,0,0,0,0,0,83,0,0,0,0,0,0,0,0,0,0,0,-1,-1,-1,-1,-1,-1,-1,-1,1,1,1,1,1,1,1,1,1,-1,-1,-1,-1,-1,10000,0,0,255,0,0,0,0,1,0,0,0,0,0,340,10,10,0,0,0,-1,-1,-1,-1,-1,-1,-1,-1,-1,-1,-1,-1,-1,1,1,0,0,0,0,1,1,0,[0|0|0|0|0|0|0]
51020000,Golden Great Arrow,1,0,[0|0|0],5102,6105000,0,0,0,0,0,10,0,0,0,0,0,0,0,0,-1,-1,-1,-1,-1,-1,-1,-1,-1,-1,-1,-1,-1,-1,-1,-1,-1,-1,-1,-1,-1,-1,-1,1,1,1,1,0,0,7,7320,17102,0,0,1,10,40,0,0,0,60,0,0,0,3000,-1,-1,0,-1,7,0,13,0,0,0,100,0,13,0,0,0,0,0,0,0,0,0,0,10,99,0,0,0,0,0,0,0,0,0,2,0,0,0,0,0,0,0,0,0,0,0,0,0,0,1,0,0,0,0,0,0,0,0,0,0,1,1,0,1,1,1,0,2,0,106,1,1,0,0,-1,-1,-1,-1,-1,-1,-1,-1,-1,-1,-1,-1,-1,-1,-1,-1,-1,-1,-1,-1,-1,-1,-1,-1,139,139,-1,0,0,0,1,0,1,0,0,0,0,0,0,1,1,0,110,0,10,20,2,0,0,10,0,0,2,0,0,0,0,0,83,0,0,0,0,0,0,0,0,0,0,0,-1,-1,-1,-1,-1,-1,-1,-1,1,1,1,1,1,1,1,1,1,-1,-1,-1,-1,-1,10000,0,0,255,0,0,0,0,1,0,0,0,0,0,340,10,10,1,0,0,-1,-1,-1,-1,-1,-1,-1,-1,-1,-1,-1,-1,-1,1,1,0,0,0,0,1,1,0,[0|0|0|0|0|0|0]
51030000,Golem's Magic Arrow,1,0,[0|0|0],5103,6104000,0,0,0,0,0,10,0,0,0,0,0,0,0,0,-1,-1,-1,-1,-1,-1,-1,-1,-1,-1,-1,-1,-1,-1,-1,-1,-1,-1,-1,-1,-1,-1,-1,1,1,1,1,0,0,7,7330,17103,0,0,1,10,40,125,0,0,60,0,0,0,3000,-1,-1,0,-1,7,0,13,0,0,0,100,0,10,0,0,0,0,0,0,0,0,0,0,10,99,0,0,0,0,0,0,0,0,0,2,0,0,0,0,0,0,0,0,0,0,0,0,0,0,1,0,0,0,0,0,0,0,0,0,0,1,1,0,1,1,1,0,2,0,106,1,1,0,0,-1,-1,-1,-1,-1,-1,-1,-1,-1,-1,-1,-1,-1,-1,-1,-1,-1,-1,-1,-1,-1,-1,-1,-1,139,139,-1,0,0,0,1,0,1,0,0,0,0,0,0,1,1,0,0,0,10,20,2,0,0,10,0,0,2,0,0,0,0,0,83,0,0,0,0,0,0,0,0,0,0,0,-1,-1,-1,-1,-1,-1,-1,-1,1,1,1,1,1,1,1,1,1,-1,-1,-1,-1,-1,10000,0,0,255,0,0,0,0,1,0,0,0,0,0,340,10,10,1,0,0,-1,-1,-1,-1,-1,-1,-1,-1,-1,-1,-1,-1,-1,1,1,0,0,0,0,1,1,0,[0|0|0|0|0|0|0]
51040000,Radahn's Spear,1,0,[0|0|0],5104,6106000,0,0,0,0,0,10,0,0,0,0,0,0,0,0,-1,-1,-1,-1,-1,-1,-1,-1,-1,-1,-1,-1,-1,-1,-1,-1,-1,-1,-1,-1,-1,-1,-1,1.2,1,1,1,0,0,7,7340,17105,0,0,1,10,100,0,0,0,60,0,0,0,3000,-1,-1,0,-1,7,0,13,0,0,0,100,0,0,0,0,0,0,0,0,0,0,0,0,10,99,0,0,0,0,0,0,0,0,0,2,0,0,0,0,0,0,0,0,0,0,0,0,0,0,1,0,0,0,0,0,0,0,0,0,0,1,1,0,1,1,1,0,2,0,106,1,1,0,0,-1,-1,-1,-1,-1,-1,-1,-1,-1,-1,-1,-1,-1,-1,-1,-1,-1,-1,-1,-1,-1,-1,-1,-1,139,139,-1,0,0,0,1,0,1,0,0,0,0,0,0,1,1,0,0,0,10,20,2,0,0,10,0,0,2,0,0,0,0,0,83,0,0,0,0,0,0,0,0,0,0,0,-1,-1,-1,-1,-1,-1,-1,-1,1,1,1,1,1,1,1,1,1,-1,-1,-1,-1,-1,10000,0,0,255,0,0,0,0,1,0,0,0,0,0,340,10,10,1,0,0,-1,-1,-1,-1,-1,-1,-1,-1,-1,-1,-1,-1,-1,1,1,0,0,0,0,1,1,0,[0|0|0|0|0|0|0]
51050000,Bone Great Arrow (Fletched),1,0,[0|0|0],5105,6101000,0,0,0,0,0,1,0,0,0,0,0,0,0,0,-1,-1,-1,-1,-1,-1,-1,-1,-1,-1,-1,-1,-1,-1,-1,-1,-1,-1,-1,-1,-1,-1,-1,1,1,1,1,0,0,7,7350,17104,0,0,1,10,95,0,0,0,60,0,0,0,3000,-1,-1,0,-1,7,0,13,0,0,4,100,0,0,0,0,0,0,0,0,0,0,0,0,10,99,0,0,0,0,0,0,0,0,0,2,0,0,0,0,0,0,0,0,0,0,0,0,0,0,1,0,0,0,0,0,0,0,0,0,0,1,1,0,1,1,1,0,2,0,106,1,1,0,0,-1,-1,-1,-1,-1,-1,-1,-1,-1,-1,-1,-1,-1,-1,-1,-1,-1,-1,-1,-1,-1,-1,-1,-1,139,139,-1,0,0,0,1,0,1,0,1,0,0,0,0,1,1,0,0,0,10,20,2,0,0,10,0,0,2,0,0,0,0,0,83,0,0,0,0,0,0,0,0,0,0,0,-1,-1,-1,-1,-1,-1,-1,-1,1,1,1,1,1,1,1,1,1,-1,-1,-1,-1,-1,10000,0,0,255,0,0,0,0,1,0,0,0,0,0,340,10,10,0,0,0,-1,-1,-1,-1,-1,-1,-1,-1,-1,-1,-1,-1,-1,1,1,0,0,0,0,1,1,0,[0|0|0|0|0|0|0]
51060000,Bone Great Arrow,1,0,[0|0|0],5106,6100000,0,0,0,0,0,1,0,0,0,0,0,0,0,0,-1,-1,-1,-1,-1,-1,-1,-1,-1,-1,-1,-1,-1,-1,-1,-1,-1,-1,-1,-1,-1,-1,-1,1,1,1,1,0,0,7,7350,17106,0,0,1,10,95,0,0,0,60,0,0,0,3000,-1,-1,0,-1,7,0,13,0,0,4,100,0,0,0,0,0,0,0,0,0,0,0,0,10,99,0,0,0,0,0,0,0,0,0,2,0,0,0,0,0,0,0,0,0,0,0,0,0,0,1,0,0,0,0,0,0,0,0,0,0,1,1,0,1,1,1,0,2,0,106,1,1,0,0,-1,-1,-1,-1,-1,-1,-1,-1,-1,-1,-1,-1,-1,-1,-1,-1,-1,-1,-1,-1,-1,-1,-1,-1,139,139,-1,0,0,0,1,0,1,0,1,0,0,0,0,1,1,0,0,0,10,20,2,0,0,10,0,0,2,0,0,0,0,0,83,0,0,0,0,0,0,0,0,0,0,0,-1,-1,-1,-1,-1,-1,-1,-1,1,1,1,1,1,1,1,1,1,-1,-1,-1,-1,-1,10000,0,0,255,0,0,0,0,1,0,0,0,0,0,340,10,10,0,0,0,-1,-1,-1,-1,-1,-1,-1,-1,-1,-1,-1,-1,-1,1,1,0,0,0,0,1,1,0,[0|0|0|0|0|0|0]
51500000,Igon's Harpoon,1,0,[0|0|0],5107,6106100,0,0,0,0,0,10,0,0,0,0,0,0,0,0,-1,-1,-1,-1,-1,-1,-1,-1,-1,-1,-1,-1,-1,-1,-1,-1,-1,-1,-1,-1,-1,-1,-1,1,1,1.15,1.3,0,0,7,7300,17107,0,0,1,10,90,0,0,0,60,0,0,0,3000,-1,-1,0,-1,7,0,13,0,0,0,100,0,0,0,0,0,0,0,0,0,0,0,0,10,99,0,0,0,0,0,0,0,0,0,2,0,0,0,0,0,0,0,0,0,0,0,0,0,0,1,0,0,0,0,0,0,0,0,0,0,1,1,0,1,1,1,0,2,0,106,1,1,0,0,-1,-1,-1,-1,-1,-1,-1,-1,-1,-1,-1,-1,-1,-1,-1,-1,-1,-1,-1,-1,-1,-1,-1,-1,139,139,-1,0,0,0,1,0,1,0,0,0,0,0,0,1.15,1,0,0,0,10,20,2,0,0,10,0,0,2,0,0,0,0,0,83,0,0,0,0,0,0,0,0,0,0,0,-1,-1,-1,-1,-1,-1,-1,-1,1,1,1,1,1,1,1,1,1,-1,-1,-1,-1,-1,10000,0,0,255,0,0,0,0,1,0,0,0,0,0,340,10,10,1,0,0,-1,-1,-1,-1,-1,-1,-1,-1,-1,-1,-1,-1,-1,1,1,0,0,0,0,1,1,0,[0|0|0|0|0|0|0]
52000000,Bolt,1,0,[0|0|0],5200,6210000,0,0,0,0,0,10,0,0,0,0,0,0,0,0,-1,-1,-1,-1,-1,-1,-1,-1,-1,-1,-1,-1,-1,-1,-1,-1,-1,-1,-1,-1,-1,-1,-1,1,1,1,1,0,0,2,7500,17200,0,0,1,10,50,0,0,0,5,0,0,0,3000,-1,-1,0,-1,7,0,14,0,0,0,100,0,0,0,0,0,0,0,0,0,0,0,0,10,20,0,0,0,0,0,0,0,0,0,2,0,0,0,0,0,0,0,0,0,0,0,0,0,0,1,0,0,0,0,0,0,0,0,0,0,0,1,0,1,1,1,0,2,0,106,1,1,0,0,-1,-1,-1,-1,-1,-1,-1,-1,-1,-1,-1,-1,-1,-1,-1,-1,-1,-1,-1,-1,-1,-1,-1,-1,139,139,-1,0,0,0,1,0,1,0,0,0,0,0,0,1,1,0,0,0,10,30,2,0,0,10,0,0,2,0,0,0,0,0,85,0,0,0,0,0,0,0,0,0,0,0,-1,-1,-1,-1,-1,-1,-1,-1,1,1,1,1,1,1,1,1,1,-1,-1,-1,-1,-1,10000,0,0,255,0,0,0,0,1,0,0,0,0,0,340,10,10,0,0,0,-1,-1,-1,-1,-1,-1,-1,-1,-1,-1,-1,-1,-1,1,1,0,0,0,0,1,1,0,[0|0|0|0|0|0|0]
52010000,Lightning Bolt,1,0,[0|0|0],5201,6216000,0,0,0,0,0,10,0,0,0,0,0,0,0,0,-1,-1,-1,-1,-1,-1,-1,-1,-1,-1,-1,-1,-1,-1,-1,-1,-1,-1,-1,-1,-1,-1,-1,1,1,1,1,0,0,2,7500,17201,0,0,1,10,20,0,0,80,5,0,0,0,3000,-1,-1,0,-1,7,0,14,0,0,0,100,0,12,0,0,0,0,0,0,0,0,0,0,10,20,0,0,0,0,0,0,0,0,0,2,0,0,0,0,0,0,0,0,0,0,0,0,0,0,1,0,0,0,0,0,0,0,0,0,0,0,1,0,1,1,1,0,2,0,106,1,1,0,0,-1,-1,-1,-1,-1,-1,-1,-1,-1,-1,-1,-1,-1,-1,-1,-1,-1,-1,-1,-1,-1,-1,-1,-1,139,139,-1,0,0,0,1,0,1,0,0,0,0,0,0,1,1,0,0,0,10,30,2,0,0,10,0,0,2,0,0,0,0,0,85,0,0,0,0,0,0,0,0,0,0,0,-1,-1,-1,-1,-1,-1,-1,-1,1,1,1,1,1,1,1,1,1,-1,-1,-1,-1,-1,10000,0,0,255,0,0,0,0,1,0,0,0,0,0,340,10,10,1,0,0,-1,-1,-1,-1,-1,-1,-1,-1,-1,-1,-1,-1,-1,1,1,0,0,0,0,1,1,0,[0|0|0|0|0|0|0]
52020000,Perfumer's Bolt,1,0,[0|0|0],5202,6215000,0,0,0,0,0,10,0,0,0,0,0,0,0,0,-1,-1,-1,-1,-1,-1,-1,-1,-1,-1,-1,-1,-1,-1,-1,-1,-1,-1,-1,-1,-1,-1,-1,1,1,1,1,0,0,2,7520,17202,0,0,1,10,15,0,65,0,5,0,0,0,3000,-1,-1,0,-1,7,0,14,0,0,4,100,0,11,0,0,0,0,0,0,0,0,0,0,10,20,0,0,0,0,0,0,0,0,0,2,0,0,0,0,0,0,0,0,0,0,0,0,0,0,1,0,0,0,0,0,0,0,0,0,0,0,1,0,1,1,1,0,2,0,106,1,1,0,0,-1,-1,-1,-1,-1,-1,-1,-1,-1,-1,-1,-1,-1,-1,-1,-1,-1,-1,-1,-1,-1,-1,-1,-1,139,139,-1,0,0,0,1,0,1,0,0,0,0,0,0,1,1,0,0,0,10,30,2,0,0,10,0,0,2,0,0,0,0,0,85,0,0,0,0,0,0,0,0,0,0,0,-1,-1,-1,-1,-1,-1,-1,-1,1,1,1,1,1,1,1,1,1,-1,-1,-1,-1,-1,10000,0,0,255,0,0,0,0,1,0,0,0,0,0,340,10,10,1,0,0,-1,-1,-1,-1,-1,-1,-1,-1,-1,-1,-1,-1,-1,1,1,0,0,0,0,1,1,0,[0|0|0|0|0|0|0]
52030000,Black-Key Bolt,1,0,[0|0|0],5203,6218000,0,0,0,0,0,10,0,0,0,0,0,0,0,0,-1,-1,6602,-1,-1,-1,-1,-1,-1,-1,-1,-1,-1,-1,-1,-1,-1,-1,-1,-1,-1,-1,-1,1,1,1,1,0,0,2,7530,17212,0,0,1,10,30,0,0,0,5,0,0,0,3000,-1,-1,0,-1,7,0,14,0,0,0,100,0,0,0,0,0,0,0,0,0,0,0,0,10,20,0,0,0,0,0,0,0,0,0,2,0,0,0,0,0,0,0,0,0,0,0,0,0,0,1,0,0,0,0,0,0,0,0,0,0,0,1,0,1,1,1,0,2,0,106,1,1,0,0,-1,-1,-1,-1,-1,-1,-1,-1,-1,-1,-1,-1,-1,-1,-1,-1,-1,-1,-1,-1,-1,-1,-1,-1,139,139,-1,0,0,0,1,0,1,0,0,0,0,0,0,1,1,0,0,0,10,30,2,0,0,10,0,0,2,0,0,0,0,0,85,0,0,0,0,0,0,0,0,0,0,0,-1,-1,-1,-1,-1,-1,-1,-1,1,1,1,1,1,1,1,1,1,-1,-1,-1,-1,-1,10000,0,0,255,0,0,0,0,1,0,0,0,0,0,340,10,10,1,0,0,6451,-1,-1,-1,-1,-1,-1,-1,-1,-1,-1,-1,-1,1,1,0,0,0,0,1,1,0,[0|0|0|0|0|0|0]
52040000,Burred Bolt,1,0,[0|0|0],5204,6219000,0,0,0,0,0,10,0,0,0,0,0,0,0,0,-1,6404,-1,-1,-1,-1,-1,-1,-1,-1,-1,-1,-1,-1,-1,-1,-1,-1,-1,-1,-1,-1,-1,1,1,1,1,0,0,2,7500,17204,0,0,1,10,30,0,0,0,5,0,0,0,3000,-1,-1,0,-1,7,0,14,0,0,0,100,0,0,0,0,0,0,0,0,0,0,0,0,10,20,0,0,0,0,0,0,0,0,0,2,0,0,0,0,0,0,0,0,0,0,0,0,0,0,1,0,0,0,0,0,0,0,0,0,0,0,1,0,1,1,1,0,2,0,106,1,1,0,0,-1,-1,-1,-1,-1,-1,-1,-1,-1,-1,-1,-1,-1,-1,-1,-1,-1,-1,-1,-1,-1,-1,-1,-1,139,139,-1,0,0,0,1,0,1,0,0,0,0,0,0,1,1,0,0,0,10,30,2,0,0,10,0,0,2,0,0,0,0,0,85,0,0,0,0,0,0,0,0,0,0,0,-1,-1,-1,-1,-1,-1,-1,-1,1,1,1,1,1,1,1,1,1,-1,-1,-1,-1,-1,10000,0,0,255,0,0,0,0,1,0,0,0,0,0,340,10,10,1,0,0,6501,-1,-1,-1,-1,-1,-1,-1,-1,-1,-1,-1,-1,1,1,0,0,0,0,1,1,0,[0|0|0|0|0|0|0]
52050000,Meteor Bolt,1,0,[0|0|0],5205,6212000,0,0,0,0,0,10,0,0,0,0,0,0,0,0,-1,-1,-1,-1,-1,-1,-1,-1,-1,-1,-1,-1,-1,-1,-1,-1,-1,-1,-1,-1,-1,-1,-1,1,1,1,1,0,0,2,7730,17211,0,0,1,10,25,80,0,0,5,0,0,0,3000,-1,-1,0,-1,7,0,14,0,0,0,100,0,10,0,0,0,0,0,0,0,0,0,0,10,20,0,0,0,0,0,0,0,0,0,2,0,0,0,0,0,0,0,0,0,0,0,0,0,0,1,0,0,0,0,0,0,0,0,0,0,0,1,0,1,1,1,0,2,0,106,1,1,0,0,-1,-1,-1,-1,-1,-1,-1,-1,-1,-1,-1,-1,-1,-1,-1,-1,-1,-1,-1,-1,-1,-1,-1,-1,139,139,-1,0,0,0,1,0,1,0,0,0,0,0,0,1,1,0,0,0,10,30,2,0,0,10,0,0,2,0,0,0,0,0,85,0,0,0,0,0,0,0,0,0,0,0,-1,-1,-1,-1,-1,-1,-1,-1,1,1,1,1,1,1,1,1,1,-1,-1,-1,-1,-1,10000,0,0,255,0,0,0,0,1,0,0,0,0,0,340,10,10,1,0,0,-1,-1,-1,-1,-1,-1,-1,-1,-1,-1,-1,-1,-1,1,1,0,0,0,0,1,1,0,[0|0|0|0|0|0|0]
52060000,Explosive Bolt,1,0,[0|0|0],5206,6214000,0,0,0,0,0,10,0,0,0,0,0,0,0,0,-1,-1,-1,-1,-1,-1,-1,-1,-1,-1,-1,-1,-1,-1,-1,-1,-1,-1,-1,-1,-1,-1,-1,1,1,1,1,0,0,2,7500,17205,0,0,1,10,15,0,70,0,5,0,0,0,3000,-1,-1,0,-1,7,0,14,0,0,4,100,0,11,0,0,0,0,0,0,0,0,0,0,10,20,0,0,0,0,0,0,0,0,0,2,0,0,0,0,0,0,0,0,0,0,0,0,0,0,1,0,0,0,0,0,0,0,0,0,0,0,1,0,1,1,1,0,2,0,106,1,1,0,0,-1,-1,-1,-1,-1,-1,-1,-1,-1,-1,-1,-1,-1,-1,-1,-1,-1,-1,-1,-1,-1,-1,-1,-1,139,139,-1,0,0,0,1,0,1,0,0,0,0,0,0,1,1,0,0,0,10,30,2,0,0,10,0,0,2,0,0,0,0,0,85,0,0,0,0,0,0,0,0,0,0,0,-1,-1,-1,-1,-1,-1,-1,-1,1,1,1,1,1,1,1,1,1,-1,-1,-1,-1,-1,10000,0,0,255,0,0,0,0,1,0,0,0,0,0,340,10,10,1,0,0,-1,-1,-1,-1,-1,-1,-1,-1,-1,-1,-1,-1,-1,1,1,0,0,0,0,1,1,0,[0|0|0|0|0|0|0]
52070000,Golden Bolt,1,0,[0|0|0],5207,6217000,0,0,0,0,0,10,0,0,0,0,0,0,0,0,-1,-1,-1,-1,-1,-1,-1,-1,-1,-1,-1,-1,-1,-1,-1,-1,-1,-1,-1,-1,-1,-1,-1,1,1,1,1,0,0,2,7500,17213,0,0,1,10,20,0,0,0,5,0,0,0,3000,-1,-1,0,-1,7,0,14,0,0,0,100,0,13,0,0,0,0,0,0,0,0,0,0,10,20,0,0,0,0,0,0,0,0,0,2,0,0,0,0,0,0,0,0,0,0,0,0,0,0,1,0,0,0,0,0,0,0,0,0,0,0,1,0,1,1,1,0,2,0,106,1,1,0,0,-1,-1,-1,-1,-1,-1,-1,-1,-1,-1,-1,-1,-1,-1,-1,-1,-1,-1,-1,-1,-1,-1,-1,-1,139,139,-1,0,0,0,1,0,1,0,0,0,0,0,0,1,1,0,80,0,10,30,2,0,0,10,0,0,2,0,0,0,0,0,85,0,0,0,0,0,0,0,0,0,0,0,-1,-1,-1,-1,-1,-1,-1,-1,1,1,1,1,1,1,1,1,1,-1,-1,-1,-1,-1,10000,0,0,255,0,0,0,0,1,0,0,0,0,0,340,10,10,0,0,0,-1,-1,-1,-1,-1,-1,-1,-1,-1,-1,-1,-1,-1,1,1,0,0,0,0,1,1,0,[0|0|0|0|0|0|0]
52080000,Lordsworn's Bolt,1,0,[0|0|0],5208,6211000,0,0,0,0,0,10,0,0,0,0,0,0,0,0,-1,-1,-1,-1,-1,-1,-1,-1,-1,-1,-1,-1,-1,-1,-1,-1,-1,-1,-1,-1,-1,-1,-1,1,1,1,1,0,0,2,7500,17210,0,0,1,10,65,0,0,0,5,0,0,0,3000,-1,-1,0,-1,7,0,14,0,0,0,100,0,0,0,0,0,0,0,0,0,0,0,0,10,20,0,0,0,0,0,0,0,0,0,2,0,0,0,0,0,0,0,0,0,0,0,0,0,0,1,0,0,0,0,0,0,0,0,0,0,0,1,0,1,1,1,0,2,0,106,1,1,0,0,-1,-1,-1,-1,-1,-1,-1,-1,-1,-1,-1,-1,-1,-1,-1,-1,-1,-1,-1,-1,-1,-1,-1,-1,139,139,-1,0,0,0,1,0,1,0,0,0,0,0,0,1,1,0,0,0,10,30,2,0,0,10,0,0,2,0,0,0,0,0,85,0,0,0,0,0,0,0,0,0,0,0,-1,-1,-1,-1,-1,-1,-1,-1,1,1,1,1,1,1,1,1,1,-1,-1,-1,-1,-1,10000,0,0,255,0,0,0,0,1,0,0,0,0,0,340,10,10,0,0,0,-1,-1,-1,-1,-1,-1,-1,-1,-1,-1,-1,-1,-1,1,1,0,0,0,0,1,1,0,[0|0|0|0|0|0|0]
52090000,Bone Bolt,1,0,[0|0|0],5209,6200000,0,0,0,0,0,1,0,0,0,0,0,0,0,0,-1,-1,-1,-1,-1,-1,-1,-1,-1,-1,-1,-1,-1,-1,-1,-1,-1,-1,-1,-1,-1,-1,-1,1,1,1,1,0,0,2,7570,17214,0,0,1,10,44,0,0,0,5,0,0,0,3000,-1,-1,0,-1,7,0,14,0,0,4,100,0,0,0,0,0,0,0,0,0,0,0,0,10,20,0,0,0,0,0,0,0,0,0,2,0,0,0,0,0,0,0,0,0,0,0,0,0,0,1,0,0,0,0,0,0,0,0,0,0,0,1,0,1,1,1,0,2,0,106,1,1,0,0,-1,-1,-1,-1,-1,-1,-1,-1,-1,-1,-1,-1,-1,-1,-1,-1,-1,-1,-1,-1,-1,-1,-1,-1,139,139,-1,0,0,0,1,0,1,0,1,0,0,0,0,1,1,0,0,0,10,30,2,0,0,10,0,0,2,0,0,0,0,0,85,0,0,0,0,0,0,0,0,0,0,0,-1,-1,-1,-1,-1,-1,-1,-1,1,1,1,1,1,1,1,1,1,-1,-1,-1,-1,-1,10000,0,0,255,0,0,0,0,1,0,0,0,0,0,340,10,10,0,0,0,-1,-1,-1,-1,-1,-1,-1,-1,-1,-1,-1,-1,-1,1,1,0,0,0,0,1,1,0,[0|0|0|0|0|0|0]
52100000,Firebone Bolt,1,0,[0|0|0],5210,6202000,0,0,0,0,0,1,0,0,0,0,0,0,0,0,-1,-1,-1,-1,-1,-1,-1,-1,-1,-1,-1,-1,-1,-1,-1,-1,-1,-1,-1,-1,-1,-1,-1,1,1,1,1,0,0,2,7500,17215,0,0,1,10,18,0,78,0,5,0,0,0,3000,-1,-1,0,-1,7,0,14,0,0,4,100,0,11,0,0,0,0,0,0,0,0,0,0,10,20,0,0,0,0,0,0,0,0,0,2,0,0,0,0,0,0,0,0,0,0,0,0,0,0,1,0,0,0,0,0,0,0,0,0,0,0,1,0,1,1,1,0,2,0,106,1,1,0,0,-1,-1,-1,-1,-1,-1,-1,-1,-1,-1,-1,-1,-1,-1,-1,-1,-1,-1,-1,-1,-1,-1,-1,-1,139,139,-1,0,0,0,1,0,1,0,1,0,0,0,0,1,1,0,0,0,10,30,2,0,0,10,0,0,2,0,0,0,0,0,85,0,0,0,0,0,0,0,0,0,0,0,-1,-1,-1,-1,-1,-1,-1,-1,1,1,1,1,1,1,1,1,1,-1,-1,-1,-1,-1,10000,0,0,255,0,0,0,0,1,0,0,0,0,0,340,10,10,0,0,0,-1,-1,-1,-1,-1,-1,-1,-1,-1,-1,-1,-1,-1,1,1,0,0,0,0,1,1,0,[0|0|0|0|0|0|0]
52110000,Lightningbone Bolt,1,0,[0|0|0],5211,6203000,0,0,0,0,0,1,0,0,0,0,0,0,0,0,-1,-1,-1,-1,-1,-1,-1,-1,-1,-1,-1,-1,-1,-1,-1,-1,-1,-1,-1,-1,-1,-1,-1,1,1,1,1,0,0,2,7500,17224,0,0,1,10,18,0,0,78,5,0,0,0,3000,-1,-1,0,-1,7,0,14,0,0,4,100,0,12,0,0,0,0,0,0,0,0,0,0,10,20,0,0,0,0,0,0,0,0,0,2,0,0,0,0,0,0,0,0,0,0,0,0,0,0,1,0,0,0,0,0,0,0,0,0,0,0,1,0,1,1,1,0,2,0,106,1,1,0,0,-1,-1,-1,-1,-1,-1,-1,-1,-1,-1,-1,-1,-1,-1,-1,-1,-1,-1,-1,-1,-1,-1,-1,-1,139,139,-1,0,0,0,1,0,1,0,1,0,0,0,0,1,1,0,0,0,10,30,2,0,0,10,0,0,2,0,0,0,0,0,85,0,0,0,0,0,0,0,0,0,0,0,-1,-1,-1,-1,-1,-1,-1,-1,1,1,1,1,1,1,1,1,1,-1,-1,-1,-1,-1,10000,0,0,255,0,0,0,0,1,0,0,0,0,0,340,10,10,0,0,0,-1,-1,-1,-1,-1,-1,-1,-1,-1,-1,-1,-1,-1,1,1,0,0,0,0,1,1,0,[0|0|0|0|0|0|0]
52120000,Magicbone Bolt,1,0,[0|0|0],5212,6201000,0,0,0,0,0,1,0,0,0,0,0,0,0,0,-1,-1,-1,-1,-1,-1,-1,-1,-1,-1,-1,-1,-1,-1,-1,-1,-1,-1,-1,-1,-1,-1,-1,1,1,1,1,0,0,2,7500,17216,0,0,1,10,18,78,0,0,5,0,0,0,3000,-1,-1,0,-1,7,0,14,0,0,4,100,0,10,0,0,0,0,0,0,0,0,0,0,10,20,0,0,0,0,0,0,0,0,0,2,0,0,0,0,0,0,0,0,0,0,0,0,0,0,1,0,0,0,0,0,0,0,0,0,0,0,1,0,1,1,1,0,2,0,106,1,1,0,0,-1,-1,-1,-1,-1,-1,-1,-1,-1,-1,-1,-1,-1,-1,-1,-1,-1,-1,-1,-1,-1,-1,-1,-1,139,139,-1,0,0,0,1,0,1,0,1,0,0,0,0,1,1,0,0,0,10,30,2,0,0,10,0,0,2,0,0,0,0,0,85,0,0,0,0,0,0,0,0,0,0,0,-1,-1,-1,-1,-1,-1,-1,-1,1,1,1,1,1,1,1,1,1,-1,-1,-1,-1,-1,10000,0,0,255,0,0,0,0,1,0,0,0,0,0,340,10,10,0,0,0,-1,-1,-1,-1,-1,-1,-1,-1,-1,-1,-1,-1,-1,1,1,0,0,0,0,1,1,0,[0|0|0|0|0|0|0]
52130000,Haligbone Bolt,1,0,[0|0|0],5213,6204000,0,0,0,0,0,1,0,0,0,0,0,0,0,0,-1,-1,-1,-1,-1,-1,-1,-1,-1,-1,-1,-1,-1,-1,-1,-1,-1,-1,-1,-1,-1,-1,-1,1,1,1,1,0,0,2,7500,17217,0,0,1,10,18,0,0,0,5,0,0,0,3000,-1,-1,0,-1,7,0,14,0,0,4,100,0,13,0,0,0,0,0,0,0,0,0,0,10,20,0,0,0,0,0,0,0,0,0,2,0,0,0,0,0,0,0,0,0,0,0,0,0,0,1,0,0,0,0,0,0,0,0,0,0,0,1,0,1,1,1,0,2,0,106,1,1,0,0,-1,-1,-1,-1,-1,-1,-1,-1,-1,-1,-1,-1,-1,-1,-1,-1,-1,-1,-1,-1,-1,-1,-1,-1,139,139,-1,0,0,0,1,0,1,0,1,0,0,0,0,1,1,0,78,0,10,30,2,0,0,10,0,0,2,0,0,0,0,0,85,0,0,0,0,0,0,0,0,0,0,0,-1,-1,-1,-1,-1,-1,-1,-1,1,1,1,1,1,1,1,1,1,-1,-1,-1,-1,-1,10000,0,0,255,0,0,0,0,1,0,0,0,0,0,340,10,10,0,0,0,-1,-1,-1,-1,-1,-1,-1,-1,-1,-1,-1,-1,-1,1,1,0,0,0,0,1,1,0,[0|0|0|0|0|0|0]
52140000,Poisonbone Bolt,1,0,[0|0|0],5214,6205000,0,0,0,0,0,1,0,0,0,0,0,0,0,0,-1,-1,6501,-1,-1,-1,-1,-1,-1,-1,-1,-1,-1,-1,-1,-1,-1,-1,-1,-1,-1,-1,-1,1,1,1,1,0,0,2,7500,17218,0,0,1,10,28,0,0,0,5,0,0,0,3000,-1,-1,0,-1,7,0,14,0,0,4,100,0,0,0,0,0,0,0,0,0,0,0,0,10,20,0,0,0,0,0,0,0,0,0,2,0,0,0,0,0,0,0,0,0,0,0,0,0,0,1,0,0,0,0,0,0,0,0,0,0,0,1,0,1,1,1,0,2,0,106,1,1,0,0,-1,-1,-1,-1,-1,-1,-1,-1,-1,-1,-1,-1,-1,-1,-1,-1,-1,-1,-1,-1,-1,-1,-1,-1,139,139,-1,0,0,0,1,0,1,0,1,0,0,0,0,1,1,0,0,0,10,30,2,0,0,10,0,0,2,0,0,0,0,0,85,0,0,0,0,0,0,0,0,0,0,0,-1,-1,-1,-1,-1,-1,-1,-1,1,1,1,1,1,1,1,1,1,-1,-1,-1,-1,-1,10000,0,0,255,0,0,0,0,1,0,0,0,0,0,340,10,10,0,0,0,6401,-1,-1,-1,-1,-1,-1,-1,-1,-1,-1,-1,-1,1,1,0,0,0,0,1,1,0,[0|0|0|0|0|0|0]
52150000,Bloodbone Bolt,1,0,[0|0|0],5215,6207000,0,0,0,0,0,1,0,0,0,0,0,0,0,0,-1,6401,-1,-1,-1,-1,-1,-1,-1,-1,-1,-1,-1,-1,-1,-1,-1,-1,-1,-1,-1,-1,-1,1,1,1,1,0,0,2,7500,17219,0,0,1,10,28,0,0,0,5,0,0,0,3000,-1,-1,0,-1,7,0,14,0,0,4,100,0,0,0,0,0,0,0,0,0,0,0,0,10,20,0,0,0,0,0,0,0,0,0,2,0,0,0,0,0,0,0,0,0,0,0,0,0,0,1,0,0,0,0,0,0,0,0,0,0,0,1,0,1,1,1,0,2,0,106,1,1,0,0,-1,-1,-1,-1,-1,-1,-1,-1,-1,-1,-1,-1,-1,-1,-1,-1,-1,-1,-1,-1,-1,-1,-1,-1,139,139,-1,0,0,0,1,0,1,0,1,0,0,0,0,1,1,0,0,0,10,30,2,0,0,10,0,0,2,0,0,0,0,0,85,0,0,0,0,0,0,0,0,0,0,0,-1,-1,-1,-1,-1,-1,-1,-1,1,1,1,1,1,1,1,1,1,-1,-1,-1,-1,-1,10000,0,0,255,0,0,0,0,1,0,0,0,0,0,340,10,10,0,0,0,6501,-1,-1,-1,-1,-1,-1,-1,-1,-1,-1,-1,-1,1,1,0,0,0,0,1,1,0,[0|0|0|0|0|0|0]
52160000,Coldbone Bolt,1,0,[0|0|0],5216,6208000,0,0,0,0,0,1,0,0,0,0,0,0,0,0,-1,-1,6702,-1,-1,-1,-1,-1,-1,-1,-1,-1,-1,-1,-1,-1,-1,-1,-1,-1,-1,-1,-1,1,1,1,1,0,0,2,7500,17220,0,0,1,10,28,23,0,0,5,0,0,0,3000,-1,-1,0,-1,7,0,14,0,0,4,100,0,10,0,0,0,0,0,0,0,0,0,0,10,20,0,0,0,0,0,0,0,0,0,2,0,0,0,0,0,0,0,0,0,0,0,0,0,0,1,0,0,0,0,0,0,0,0,0,0,0,1,0,1,1,1,0,2,0,106,1,1,0,0,-1,-1,-1,-1,-1,-1,-1,-1,-1,-1,-1,-1,-1,-1,-1,-1,-1,-1,-1,-1,-1,-1,-1,-1,139,139,-1,0,0,0,1,0,1,0,1,0,0,0,0,1,1,0,0,0,10,30,2,0,0,10,0,0,2,0,0,0,0,0,85,0,0,0,0,0,0,0,0,0,0,0,-1,-1,-1,-1,-1,-1,-1,-1,1,1,1,1,1,1,1,1,1,-1,-1,-1,-1,-1,10000,0,0,255,0,0,0,0,1,0,0,0,0,0,340,10,10,0,0,0,6601,-1,-1,-1,-1,-1,-1,-1,-1,-1,-1,-1,-1,1,1,0,0,0,0,1,1,0,[0|0|0|0|0|0|0]
52170000,Rotbone Bolt,1,0,[0|0|0],5217,6206000,0,0,0,0,0,1,0,0,0,0,0,0,0,0,-1,-1,6601,-1,-1,-1,-1,-1,-1,-1,-1,-1,-1,-1,-1,-1,-1,-1,-1,-1,-1,-1,-1,1,1,1,1,0,0,2,7500,17221,0,0,1,10,28,0,0,0,5,0,0,0,3000,-1,-1,0,-1,7,0,14,0,0,4,100,0,0,0,0,0,0,0,0,0,0,0,0,10,20,0,0,0,0,0,0,0,0,0,2,0,0,0,0,0,0,0,0,0,0,0,0,0,0,1,0,0,0,0,0,0,0,0,0,0,0,1,0,1,1,1,0,2,0,106,1,1,0,0,-1,-1,-1,-1,-1,-1,-1,-1,-1,-1,-1,-1,-1,-1,-1,-1,-1,-1,-1,-1,-1,-1,-1,-1,139,139,-1,0,0,0,1,0,1,0,1,0,0,0,0,1,1,0,0,0,10,30,2,0,0,10,0,0,2,0,0,0,0,0,85,0,0,0,0,0,0,0,0,0,0,0,-1,-1,-1,-1,-1,-1,-1,-1,1,1,1,1,1,1,1,1,1,-1,-1,-1,-1,-1,10000,0,0,255,0,0,0,0,1,0,0,0,0,0,340,10,10,1,0,0,6451,-1,-1,-1,-1,-1,-1,-1,-1,-1,-1,-1,-1,1,1,0,0,0,0,1,1,0,[0|0|0|0|0|0|0]
52180000,Sleepbone Bolt,1,0,[0|0|0],5218,6209000,0,0,0,0,0,1,0,0,0,0,0,0,0,0,-1,-1,6455,-1,-1,-1,-1,-1,-1,-1,-1,-1,-1,-1,-1,-1,-1,-1,-1,-1,-1,-1,-1,1,1,1,1,0,0,2,7500,17222,0,0,1,10,28,0,0,0,5,0,0,0,3000,-1,-1,0,-1,7,0,14,0,0,4,100,0,0,0,0,0,0,0,0,0,0,0,0,10,20,0,0,0,0,0,0,0,0,0,2,0,0,0,0,0,0,0,0,0,0,0,0,0,0,1,0,0,0,0,0,0,0,0,0,0,0,1,0,1,1,1,0,2,0,106,1,1,0,0,-1,-1,-1,-1,-1,-1,-1,-1,-1,-1,-1,-1,-1,-1,-1,-1,-1,-1,-1,-1,-1,-1,-1,-1,139,139,-1,0,0,0,1,0,1,0,1,0,0,0,0,1,1,0,0,0,10,30,2,0,0,10,0,0,2,0,0,0,0,0,85,0,0,0,0,0,0,0,0,0,0,0,-1,-1,-1,-1,-1,-1,-1,-1,1,1,1,1,1,1,1,1,1,-1,-1,-1,-1,-1,10000,0,0,255,0,0,0,0,1,0,0,0,0,0,340,10,10,1,0,0,6651,-1,-1,-1,-1,-1,-1,-1,-1,-1,-1,-1,-1,1,1,0,0,0,0,1,1,0,[0|0|0|0|0|0|0]
52190000,Flaming Bolt,1,0,[0|0|0],5219,6213000,0,0,0,0,0,10,0,0,0,0,0,0,0,0,-1,-1,-1,-1,-1,-1,-1,-1,-1,-1,-1,-1,-1,-1,-1,-1,-1,-1,-1,-1,-1,-1,-1,1,1,1,1,0,0,2,7500,17223,0,0,1,10,20,0,80,0,5,0,0,0,3000,-1,-1,0,-1,7,0,14,0,0,0,100,0,11,0,0,0,0,0,0,0,0,0,0,10,20,0,0,0,0,0,0,0,0,0,2,0,0,0,0,0,0,0,0,0,0,0,0,0,0,1,0,0,0,0,0,0,0,0,0,0,0,1,0,1,1,1,0,2,0,106,1,1,0,0,-1,-1,-1,-1,-1,-1,-1,-1,-1,-1,-1,-1,-1,-1,-1,-1,-1,-1,-1,-1,-1,-1,-1,-1,139,139,-1,0,0,0,1,0,1,0,0,0,0,0,0,1,1,0,0,0,10,30,2,0,0,10,0,0,2,0,0,0,0,0,85,0,0,0,0,0,0,0,0,0,0,0,-1,-1,-1,-1,-1,-1,-1,-1,1,1,1,1,1,1,1,1,1,-1,-1,-1,-1,-1,10000,0,0,255,0,0,0,0,1,0,0,0,0,0,340,10,10,0,0,0,-1,-1,-1,-1,-1,-1,-1,-1,-1,-1,-1,-1,-1,1,1,0,0,0,0,1,1,0,[0|0|0|0|0|0|0]
52520000,Piquebone Bolt,1,0,[0|0|0],5220,6209100,0,0,0,0,0,10,0,0,0,0,0,0,0,0,-1,-1,-1,-1,-1,-1,-1,-1,-1,-1,-1,-1,-1,-1,-1,-1,-1,-1,-1,-1,-1,-1,-1,1,1,1,1,0,0,2,7500,17227,0,0,1,10,25,0,0,0,5,0,0,0,3000,-1,-1,0,-1,7,0,14,0,0,0,100,0,0,0,0,0,0,0,0,0,0,0,0,10,20,0,0,0,0,0,0,0,0,0,2,0,0,0,0,0,0,0,0,0,0,0,0,0,0,1,0,0,0,0,0,0,0,0,0,0,0,1,0,1,1,1,0,2,0,106,1,1,0,0,-1,-1,-1,-1,-1,-1,-1,-1,-1,-1,-1,-1,-1,-1,-1,-1,-1,-1,-1,-1,-1,-1,-1,-1,139,139,-1,0,0,0,1,0,1,0,1,0,0,0,0,1,1,0,0,0,10,30,2,0,0,10,0,0,2,0,0,0,0,0,85,0,0,0,0,0,0,0,0,0,0,0,-1,-1,-1,-1,-1,-1,-1,-1,1,1,1,1,1,1,1,1,1,-1,-1,-1,-1,-1,10000,0,0,255,0,0,0,0,1,0,0,0,0,0,340,10,10,0,0,0,-1,-1,-1,-1,-1,-1,-1,-1,-1,-1,-1,-1,-1,1,1,0,0,0,0,1,1,0,[0|0|0|0|0|0|0]
53000000,Ballista Bolt,1,0,[0|0|0],5300,6221000,0,0,0,0,0,10,0,0,0,0,0,0,0,0,-1,-1,-1,-1,-1,-1,-1,-1,-1,-1,-1,-1,-1,-1,-1,-1,-1,-1,-1,-1,-1,-1,-1,1,1,1,1,0,0,7,7700,17207,0,0,1,10,160,0,0,0,70,0,0,0,3000,-1,-1,0,-1,7,0,14,0,0,0,100,0,0,0,0,0,0,0,0,0,0,0,0,10,99,0,0,0,0,0,0,0,0,0,2,0,0,0,0,0,0,0,0,0,0,0,0,0,0,1,0,0,0,0,0,0,0,0,0,0,1,1,0,1,1,1,0,2,0,106,1,1,0,0,-1,-1,-1,-1,-1,-1,-1,-1,-1,-1,-1,-1,-1,-1,-1,-1,-1,-1,-1,-1,-1,-1,-1,-1,139,139,-1,0,0,0,1,0,1,0,0,0,0,0,0,1,1,0,0,0,10,40,2,0,0,10,0,0,2,0,0,0,0,0,86,0,0,0,0,0,0,0,0,0,0,0,-1,-1,-1,-1,-1,-1,-1,-1,1,1,1,1,1,1,1,1,1,-1,-1,-1,-1,-1,10000,0,0,255,0,0,0,0,1,0,0,0,0,0,340,10,10,0,0,0,-1,-1,-1,-1,-1,-1,-1,-1,-1,-1,-1,-1,-1,1,1,0,0,0,0,1,1,0,[0|0|0|0|0|0|0]
53010000,Lightning Greatbolt,1,0,[0|0|0],5301,6223000,0,0,0,0,0,10,0,0,0,0,0,0,0,0,-1,-1,-1,-1,-1,-1,-1,-1,-1,-1,-1,-1,-1,-1,-1,-1,-1,-1,-1,-1,-1,-1,-1,1,1,1,1,0,0,7,7710,17208,0,0,1,10,50,0,0,150,70,0,0,0,3000,-1,-1,0,-1,7,0,14,0,0,0,100,0,12,0,0,0,0,0,0,0,0,0,0,10,99,0,0,0,0,0,0,0,0,0,2,0,0,0,0,0,0,0,0,0,0,0,0,0,0,1,0,0,0,0,0,0,0,0,0,0,1,1,0,1,1,1,0,2,0,106,1,1,0,0,-1,-1,-1,-1,-1,-1,-1,-1,-1,-1,-1,-1,-1,-1,-1,-1,-1,-1,-1,-1,-1,-1,-1,-1,139,139,-1,0,0,0,1,0,1,0,0,0,0,0,0,1,1,0,0,0,10,40,2,0,0,10,0,0,2,0,0,0,0,0,86,0,0,0,0,0,0,0,0,0,0,0,-1,-1,-1,-1,-1,-1,-1,-1,1,1,1,1,1,1,1,1,1,-1,-1,-1,-1,-1,10000,0,0,255,0,0,0,0,1,0,0,0,0,0,340,10,10,1,0,0,-1,-1,-1,-1,-1,-1,-1,-1,-1,-1,-1,-1,-1,1,1,0,0,0,0,1,1,0,[0|0|0|0|0|0|0]
53020000,Explosive Greatbolt,1,0,[0|0|0],5302,6222000,0,0,0,0,0,10,0,0,0,0,0,0,0,0,-1,-1,-1,-1,-1,-1,-1,-1,-1,-1,-1,-1,-1,-1,-1,-1,-1,-1,-1,-1,-1,-1,-1,1,1,1,1,0,0,7,7720,17209,0,0,1,10,50,0,150,0,70,0,0,0,3000,-1,-1,0,-1,7,0,14,0,0,0,100,0,11,0,0,0,0,0,0,0,0,0,0,10,99,0,0,0,0,0,0,0,0,0,2,0,0,0,0,0,0,0,0,0,0,0,0,0,0,1,0,0,0,0,0,0,0,0,0,0,1,1,0,1,1,1,0,2,0,106,1,1,0,0,-1,-1,-1,-1,-1,-1,-1,-1,-1,-1,-1,-1,-1,-1,-1,-1,-1,-1,-1,-1,-1,-1,-1,-1,139,139,-1,0,0,0,1,0,1,0,0,0,0,0,0,1,1,0,0,0,10,40,2,0,0,10,0,0,2,0,0,0,0,0,86,0,0,0,0,0,0,0,0,0,0,0,-1,-1,-1,-1,-1,-1,-1,-1,1,1,1,1,1,1,1,1,1,-1,-1,-1,-1,-1,10000,0,0,255,0,0,0,0,1,0,0,0,0,0,340,10,10,1,0,0,-1,-1,-1,-1,-1,-1,-1,-1,-1,-1,-1,-1,-1,1,1,0,0,0,0,1,1,0,[0|0|0|0|0|0|0]
53030000,Bone Ballista Bolt,1,0,[0|0|0],5303,6220000,0,0,0,0,0,1,0,0,0,0,0,0,0,0,-1,-1,-1,-1,-1,-1,-1,-1,-1,-1,-1,-1,-1,-1,-1,-1,-1,-1,-1,-1,-1,-1,-1,1,1,1,1,0,0,7,7730,17300,0,0,1,10,158,0,0,0,70,0,0,0,3000,-1,-1,0,-1,7,0,14,0,0,4,100,0,0,0,0,0,0,0,0,0,0,0,0,10,99,0,0,0,0,0,0,0,0,0,2,0,0,0,0,0,0,0,0,0,0,0,0,0,0,1,0,0,0,0,0,0,0,0,0,0,1,1,0,1,1,1,0,2,0,106,1,1,0,0,-1,-1,-1,-1,-1,-1,-1,-1,-1,-1,-1,-1,-1,-1,-1,-1,-1,-1,-1,-1,-1,-1,-1,-1,139,139,-1,0,0,0,1,0,1,0,1,0,0,0,0,1,1,0,0,0,10,40,2,0,0,10,0,0,2,0,0,0,0,0,86,0,0,0,0,0,0,0,0,0,0,0,-1,-1,-1,-1,-1,-1,-1,-1,1,1,1,1,1,1,1,1,1,-1,-1,-1,-1,-1,10000,0,0,255,0,0,0,0,1,0,0,0,0,0,340,10,10,0,0,0,-1,-1,-1,-1,-1,-1,-1,-1,-1,-1,-1,-1,-1,1,1,0,0,0,0,1,1,0,[0|0|0|0|0|0|0]
53500000,Rabbath's Greatbolt,1,0,[0|0|0],5304,6224000,0,0,0,0,0,10,0,0,0,0,0,0,0,0,-1,-1,-1,-1,-1,-1,-1,-1,-1,-1,-1,-1,-1,-1,-1,-1,-1,-1,-1,-1,-1,-1,-1,1,1,1,1,0,0,7,7700,17301,0,0,1,10,50,150,0,0,70,0,0,0,3000,-1,-1,0,-1,7,0,14,0,0,0,100,0,10,0,0,0,0,0,0,0,0,0,0,10,99,0,0,0,0,0,0,0,0,0,2,0,0,0,0,0,0,0,0,0,0,0,0,0,0,1,0,0,0,0,0,0,0,0,0,0,1,1,0,1,1,1,0,2,0,106,1,1,0,0,-1,-1,-1,-1,-1,-1,-1,-1,-1,-1,-1,-1,-1,-1,-1,-1,-1,-1,-1,-1,-1,-1,-1,-1,139,139,-1,0,0,0,1,0,1,0,0,0,0,0,0,1,1,0,0,0,10,40,2,0,0,10,0,0,2,0,0,0,0,0,86,0,0,0,0,0,0,0,0,0,0,0,-1,-1,-1,-1,-1,-1,-1,-1,1,1,1,1,1,1,1,1,1,-1,-1,-1,-1,-1,10000,0,0,255,0,0,0,0,1,0,0,0,0,0,340,10,10,1,0,0,-1,-1,-1,-1,-1,-1,-1,-1,-1,-1,-1,-1,-1,1,1,0,0,0,0,1,1,0,[0|0|0|0|0|0|0]
